xAxis.x,xAxis.y,yAxis.x,yAxis.y,zAxis.x,zAxis.y
0.0,0.0,0.0,0.0,0.0,0.0
0.6,0.0,0.6,0.0,0.6,0.0
1.2,0.0,1.2,0.0,1.2,0.0
1.8000001,0.0,1.8000001,0.0,1.8000001,0.0
2.4,0.0,2.4,0.0,2.4,0.0
3.0,0.0,3.0,0.0,3.0,0.0
3.6000001,0.0,3.6000001,0.0,3.6000001,0.0
4.2000003,0.0,4.2000003,0.0,4.2000003,0.0
4.8,0.0,4.8,0.0,4.8,0.0
5.3999996,0.0,5.3999996,0.0,5.3999996,0.0
6.0,0.0,6.0,0.0,6.0,0.0
6.6,0.0,6.6,0.0,6.6,0.0
7.2000003,0.0,7.2000003,0.0,7.2000003,0.0
7.8,0.0,7.8,0.0,7.8,0.0
8.400001,0.0,8.400001,0.0,8.400001,0.0
9.0,0.0,9.0,0.0,9.0,0.0
9.6,0.0,9.6,0.0,9.6,0.0
10.200001,0.0,10.200001,0.0,10.200001,0.0
10.799999,0.0,10.799999,0.0,10.799999,0.0
11.4,0.0,11.4,0.0,11.4,0.0
12.0,0.0,12.0,0.0,12.0,0.0
12.599999,0.0,12.599999,0.0,12.599999,0.0
13.2,0.0,13.2,0.0,13.2,0.0
13.8,0.0,13.8,0.0,13.8,0.0
14.400001,0.0,14.400001,0.0,14.400001,0.0
15.0,0.0,15.0,0.0,15.0,0.0
15.6,0.0,15.6,0.0,15.6,0.0
16.2,0.0,16.2,0.0,16.2,0.0
16.800001,0.0,16.800001,0.0,16.800001,0.0
17.4,0.0,17.4,0.0,17.4,0.0
18.0,0.0,18.0,0.0,18.0,0.0
18.6,0.0,18.6,0.0,18.6,0.0
19.2,0.0,19.2,0.0,19.2,0.0
19.8,0.0,19.8,0.0,19.8,0.0
20.400002,0.0,20.400002,0.0,20.400002,0.0
21.0,0.0,21.0,0.0,21.0,0.0
21.599998,0.0,21.599998,0.0,21.599998,0.0
22.2,0.0,22.2,0.0,22.2,0.0
22.8,0.0,22.8,0.0,22.8,0.0
23.4,0.0,23.4,0.0,23.4,0.0
24.0,0.0,24.0,0.0,24.0,0.0
24.6,0.0,24.6,0.0,24.6,0.0
25.199999,0.0,25.199999,0.0,25.199999,0.0
25.800001,0.0,25.800001,0.0,25.800001,0.0
26.4,0.0,26.4,0.0,26.4,0.0
27.000002,0.0,27.000002,0.0,27.000002,0.0
27.6,0.0,27.6,0.0,27.6,0.0
28.199999,0.0,28.199999,0.0,28.199999,0.0
28.800001,0.0,28.800001,0.0,28.800001,0.0
29.4,0.0,29.4,0.0,29.4,0.0
30.0,0.0,30.0,0.0,30.0,0.0
30.599998,0.0,30.599998,0.0,30.599998,0.0
31.2,0.0,31.2,0.0,31.2,0.0
31.8,0.0,31.8,0.0,31.8,0.0
32.4,0.0,32.4,0.0,32.4,0.0
33.0,0.0,33.0,0.0,33.0,0.0
33.600002,0.0,33.600002,0.0,33.600002,0.0
34.2,0.0,34.2,0.0,34.2,0.0
34.8,0.0,34.8,0.0,34.8,0.0
35.4,0.0,35.4,0.0,35.4,0.0
36.0,0.0,36.0,0.0,36.0,0.0
36.600002,0.0,36.600002,0.0,36.600002,0.0
37.2,0.0,37.2,0.0,37.2,0.0
37.8,0.0,37.8,0.0,37.8,0.0
38.4,0.0,38.4,0.0,38.4,0.0
39.0,0.0,39.0,0.0,39.0,0.0
39.6,0.0,39.6,0.0,39.6,0.0
40.2,0.0,40.2,0.0,40.2,0.0
40.800003,0.0,40.800003,0.0,40.800003,0.0
41.399998,0.0,41.399998,0.0,41.399998,0.0
42.0,0.0,42.0,0.0,42.0,0.0
42.600002,0.0,42.600002,0.0,42.600002,0.0
43.199997,0.0,43.199997,0.0,43.199997,0.0
43.8,0.0,43.8,0.0,43.8,0.0
44.4,-75.268814,44.4,-67.05768,44.4,-61.779083
45.0,-75.46432,45.0,-67.05768,45.0,-61.58358
45.6,-75.268814,45.6,-66.47117,45.6,-61.388077
46.2,-75.07331,46.2,-66.66667,46.2,-60.801567
46.8,-75.07331,46.8,-66.47117,46.8,-60.801567
47.4,-75.07331,47.4,-66.47117,47.4,-60.801567
48.0,-75.07331,48.0,-66.862175,48.0,-60.99707
48.6,-75.07331,48.6,-66.66667,48.6,-60.606064
49.2,-75.07331,49.2,-66.862175,49.2,-60.215057
49.8,-74.87781,49.8,-66.862175,49.8,-59.82405
50.399998,-74.87781,50.399998,-66.862175,50.399998,-59.628548
51.0,-74.87781,51.0,-66.66667,51.0,-59.237534
51.600002,-74.87781,51.600002,-66.66667,51.600002,-59.237534
52.199997,-74.87781,52.199997,-66.66667,52.199997,-59.433044
52.8,-75.07331,52.8,-66.66667,52.8,-59.628548
53.4,-74.87781,53.4,-66.66667,53.4,-59.433044
54.000004,-75.07331,54.000004,-66.66667,54.000004,-59.433044
54.6,-74.87781,54.6,-66.66667,54.6,-59.433044
55.2,-74.87781,55.2,-66.47117,55.2,-59.433044
55.800003,-74.682304,55.800003,-66.47117,55.800003,-59.433044
56.399998,-74.4868,56.399998,-66.47117,56.399998,-59.433044
57.0,-74.4868,57.0,-66.66667,57.0,-59.82405
57.600002,-74.2913,57.600002,-66.862175,57.600002,-59.628548
58.2,-74.2913,58.2,-66.862175,58.2,-59.237534
58.8,-74.2913,58.8,-67.25318,58.8,-59.82405
59.4,-74.2913,59.4,-67.25318,59.4,-60.215057
60.0,-74.095795,60.0,-66.862175,60.0,-60.41056
60.600002,-73.31378,60.600002,-66.47117,60.600002,-60.41056
61.199997,-72.14076,61.199997,-65.88466,61.199997,-60.019554
61.8,-69.79472,61.8,-64.320625,61.8,-58.651024
62.4,-68.81721,62.4,-63.34311,62.4,-57.478004
62.999996,-68.4262,62.999996,-62.561096,62.999996,-56.891495
63.6,-67.05768,63.6,-61.58358,63.6,-56.10948
64.2,-65.689156,64.2,-61.388077,64.2,-55.718475
64.8,-64.12512,64.8,-60.606064,64.8,-55.32747
65.4,-61.974586,65.4,-60.41056,65.4,-53.958946
66.0,-61.388077,66.0,-60.606064,66.0,-52.394913
66.6,-60.41056,66.6,-60.99707,66.6,-51.417397
67.200005,-57.86901,67.200005,-61.974586,67.200005,-50.244377
67.799995,-54.936462,67.799995,-62.17009,67.799995,-50.244377
68.4,-47.89834,68.4,-65.10264,68.4,-50.635384
69.0,-29.325512,69.0,-70.57674,69.0,-46.334312
69.6,-0.78201365,69.6,-66.275665,69.6,-2.1505377
70.2,-0.78201365,70.2,-53.56794,70.2,-0.9775171
70.8,-0.78201365,70.8,-89.93157,70.8,-11.339199
71.4,-0.9775171,71.4,-128.64125,71.4,-17.008799
72.0,-2.9325514,72.0,-129.03226,72.0,-37.14565
72.6,-23.460411,72.6,-128.83675,72.6,-47.50733
73.200005,-39.882698,73.200005,-129.81427,73.200005,-39.100685
73.8,-37.536655,73.8,-130.40077,73.8,-38.905178
74.4,-43.40176,74.4,-130.40077,74.4,-53.372437
75.0,-51.808403,75.0,-130.20528,75.0,-68.621704
75.6,-58.45552,75.6,-127.077225,75.6,-77.61485
76.200005,-65.88466,76.200005,-103.030304,76.200005,-81.13392
76.8,-67.25318,76.8,-95.79668,76.8,-82.697945
77.399994,-69.01271,77.399994,-87.97654,77.399994,-83.47996
78.0,-70.77224,78.0,-82.697945,78.0,-83.67546
78.6,-70.38123,78.6,-79.56989,78.6,-85.239494
79.2,-70.57674,79.2,-71.163246,79.2,-85.239494
79.8,-69.79472,79.8,-69.40372,79.8,-83.67546
80.4,-68.81721,80.4,-67.448685,80.4,-82.89345
81.0,-66.862175,81.0,-65.29814,81.0,-80.938416
81.600006,-66.47117,81.600006,-64.320625,81.600006,-80.1564
82.2,-66.862175,82.2,-63.92962,82.2,-79.17889
82.799995,-67.05768,82.799995,-63.538612,82.799995,-77.810356
83.4,-67.83969,83.4,-63.92962,83.4,-76.44183
84.0,-68.81721,84.0,-64.320625,84.0,-73.509285
84.6,-69.40372,84.6,-64.71163,84.6,-72.336266
85.200005,-69.59922,85.200005,-65.29814,85.200005,-70.96774
85.8,-70.18573,85.8,-66.47117,85.8,-70.38123
86.399994,-70.38123,86.399994,-67.448685,86.399994,-69.59922
87.0,-70.96774,87.0,-70.38123,87.0,-66.862175
87.6,-70.57674,87.6,-71.35875,87.6,-65.689156
88.2,-69.99023,88.2,-71.55425,88.2,-64.907135
88.8,-71.163246,88.8,-73.70479,88.8,-64.51613
89.4,-72.336266,89.4,-75.85532,89.4,-63.734116
90.0,-73.11828,90.0,-78.59238,90.0,-62.7566
90.6,-71.55425,90.6,-79.37439,90.6,-62.17009
91.2,-68.81721,91.2,-78.98338,91.2,-61.779083
91.799995,-72.53177,91.799995,-77.810356,91.799995,-57.86901
92.4,-73.70479,92.4,-80.74291,92.4,-56.10948
93.0,-74.2913,93.0,-83.67546,93.0,-55.718475
93.6,-72.53177,93.6,-84.652985,93.6,-55.718475
94.200005,-69.20821,94.200005,-81.13392,94.200005,-54.936462
94.8,-70.18573,94.8,-80.351906,94.8,-53.763443
95.399994,-72.336266,95.399994,-80.74291,95.399994,-53.176933
96.0,-73.11828,96.0,-81.524925,96.0,-52.981422
96.6,-72.72727,96.6,-82.111435,96.6,-52.590416
97.2,-71.163246,97.2,-79.9609,97.2,-51.02639
97.8,-71.35875,97.8,-79.37439,97.8,-50.43988
98.4,-71.55425,98.4,-79.17889,98.4,-50.830887
99.00001,-72.72727,99.00001,-77.22385,99.00001,-51.417397
99.6,-72.72727,99.6,-77.22385,99.6,-51.417397
100.2,-73.70479,100.2,-77.02834,100.2,-52.590416
100.799995,-74.87781,100.799995,-77.41935,100.799995,-53.56794
101.4,-75.46432,101.4,-77.810356,101.4,-54.74096
102.0,-75.46432,102.0,-76.24633,102.0,-56.50049
102.600006,-74.87781,102.600006,-74.87781,102.600006,-57.673508
103.200005,-74.2913,103.200005,-73.90029,103.200005,-58.260017
103.799995,-73.90029,103.799995,-73.509285,103.799995,-59.04203
104.399994,-73.90029,104.399994,-73.509285,104.399994,-59.82405
105.0,-74.095795,105.0,-73.90029,105.0,-60.99707
105.6,-73.90029,105.6,-73.31378,105.6,-60.99707
106.2,-73.70479,106.2,-72.72727,106.2,-60.801567
106.8,-73.70479,106.8,-71.55425,106.8,-61.388077
107.4,-73.70479,107.4,-71.55425,107.4,-61.388077
108.00001,-73.31378,108.00001,-70.38123,108.00001,-62.561096
108.6,-73.31378,108.6,-69.99023,108.6,-62.561096
109.2,-73.31378,109.2,-70.96774,109.2,-61.779083
109.799995,-73.70479,109.799995,-70.57674,109.799995,-61.192574
110.4,-73.31378,110.4,-69.40372,110.4,-60.99707
111.0,-72.922775,111.0,-68.035194,111.0,-60.801567
111.600006,-72.53177,111.600006,-66.862175,111.600006,-60.801567
112.200005,-72.53177,112.200005,-66.862175,112.200005,-60.99707
112.799995,-73.70479,112.799995,-66.862175,112.799995,-61.974586
113.399994,-73.70479,113.399994,-66.08016,113.399994,-62.561096
114.0,-73.11828,114.0,-65.493645,114.0,-62.7566
114.6,-72.72727,114.6,-64.907135,114.6,-62.365593
115.200005,-72.922775,115.200005,-64.320625,115.200005,-61.779083
115.8,-73.11828,115.8,-64.51613,115.8,-61.779083
116.4,-73.11828,116.4,-64.320625,116.4,-61.974586
116.99999,-72.72727,116.99999,-63.538612,116.99999,-62.17009
117.6,-71.163246,117.6,-61.779083,117.6,-62.7566
118.2,-70.18573,118.2,-60.606064,118.2,-62.561096
118.8,-68.81721,118.8,-59.237534,118.8,-61.779083
119.4,-67.83969,119.4,-58.260017,119.4,-60.99707
120.0,-66.66667,120.0,-57.86901,120.0,-60.801567
120.600006,-63.92962,120.600006,-57.2825,120.600006,-59.04203
121.200005,-62.365593,121.200005,-58.064514,121.200005,-58.260017
121.799995,-61.388077,121.799995,-58.651024,121.799995,-57.2825
122.399994,-59.237534,122.399994,-59.433044,122.399994,-55.718475
123.0,-54.936462,123.0,-61.388077,123.0,-50.43988
123.6,-50.43988,123.6,-62.7566,123.6,-47.89834
124.200005,-42.619747,124.200005,-63.538612,124.200005,-43.206257
124.8,-9.775171,124.8,-58.846527,124.8,-19.550343
125.4,-1.1730205,125.4,-54.936462,125.4,-2.346041
125.99999,-0.78201365,125.99999,-66.862175,125.99999,-0.9775171
126.6,-0.78201365,126.6,-119.6481,126.6,-0.9775171
127.2,-0.78201365,127.2,-129.03226,127.2,-0.9775171
127.8,-2.737048,127.8,-129.03226,127.8,-19.159334
128.4,-13.68524,128.4,-129.03226,128.4,-30.107529
129.0,-22.482893,129.0,-129.22775,129.0,-37.536655
129.6,-35.190617,129.6,-129.42326,129.6,-40.0782
130.2,-43.792767,130.2,-129.81427,130.2,-42.033234
130.8,-47.702835,130.8,-130.20528,130.8,-52.19941
131.4,-53.372437,131.4,-130.00977,131.4,-63.92962
132.0,-59.04203,132.0,-106.35387,132.0,-75.85532
132.6,-60.99707,132.6,-98.33823,132.6,-78.00586
133.2,-62.7566,133.2,-91.88661,133.2,-79.37439
133.8,-63.734116,133.8,-85.239494,133.8,-81.32942
134.40001,-64.320625,134.40001,-79.56989,134.40001,-82.50244
135.0,-65.88466,135.0,-71.55425,135.0,-83.67546
135.59999,-66.275665,135.59999,-68.2307,135.59999,-83.870964
136.2,-66.66667,136.2,-66.47117,136.2,-83.08895
136.8,-67.64419,136.8,-66.275665,136.8,-82.697945
137.4,-68.81721,137.4,-64.51613,137.4,-81.524925
138.0,-68.81721,138.0,-64.12512,138.0,-80.74291
138.6,-69.01271,138.6,-63.92962,138.6,-79.37439
139.2,-69.20821,139.2,-63.92962,139.2,-78.00586
139.8,-69.40372,139.8,-64.12512,139.8,-75.46432
140.4,-69.40372,140.4,-64.71163,140.4,-73.70479
141.0,-68.81721,141.0,-66.66667,141.0,-71.55425
141.6,-71.35875,141.6,-65.689156,141.6,-72.53177
142.2,-71.749756,142.2,-66.275665,142.2,-70.38123
142.8,-72.14076,142.8,-68.035194,142.8,-69.40372
143.4,-71.94526,143.4,-69.40372,143.4,-68.2307
144.0,-70.96774,144.0,-70.38123,144.0,-67.448685
144.59999,-69.40372,144.59999,-70.77224,144.59999,-66.66667
145.2,-68.81721,145.2,-72.14076,145.2,-64.51613
145.8,-70.38123,145.8,-73.509285,145.8,-63.147606
146.40001,-71.163246,146.40001,-75.268814,146.40001,-61.58358
147.0,-69.99023,147.0,-77.02834,147.0,-60.215057
147.6,-66.862175,147.6,-76.24633,147.6,-59.628548
148.2,-67.64419,148.2,-75.65982,148.2,-58.846527
148.8,-69.79472,148.8,-77.02834,148.8,-57.086998
149.4,-70.96774,149.4,-79.37439,149.4,-54.936462
150.0,-69.01271,150.0,-81.524925,150.0,-52.19941
150.59999,-69.01271,150.59999,-81.524925,150.59999,-52.19941
151.2,-66.47117,151.2,-77.22385,151.2,-52.590416
151.79999,-67.05768,151.79999,-76.24633,151.79999,-52.19941
152.40001,-68.4262,152.40001,-76.83284,152.40001,-52.19941
153.0,-69.79472,153.0,-79.17889,153.0,-53.372437
153.6,-70.38123,153.6,-79.765396,153.6,-53.56794
154.2,-70.57674,154.2,-79.9609,154.2,-53.958946
154.79999,-71.163246,154.79999,-80.1564,154.79999,-53.958946
155.40001,-71.55425,155.40001,-81.32942,155.40001,-54.15445
156.0,-72.922775,156.0,-82.697945,156.0,-54.349953
156.6,-72.922775,156.6,-83.08895,156.6,-54.545456
157.2,-73.11828,157.2,-83.870964,157.2,-55.131966
157.8,-74.095795,157.8,-84.26197,157.8,-55.522972
158.4,-72.922775,158.4,-83.67546,158.4,-55.718475
158.99998,-72.336266,158.99998,-83.08895,158.99998,-56.10948
159.6,-72.14076,159.6,-83.08895,159.6,-56.50049
160.2,-71.163246,160.2,-82.697945,160.2,-56.10948
160.8,-69.79472,160.8,-80.938416,160.8,-57.673508
161.4,-69.01271,161.4,-79.56989,161.4,-57.86901
162.0,-68.621704,162.0,-78.39687,162.0,-57.86901
162.6,-68.035194,162.6,-77.41935,162.6,-57.86901
163.20001,-68.035194,163.20001,-76.63734,163.20001,-57.86901
163.8,-68.81721,163.8,-75.07331,163.8,-59.628548
164.4,-69.01271,164.4,-74.095795,164.4,-60.801567
165.0,-69.59922,165.0,-73.31378,165.0,-61.58358
165.59999,-69.59922,165.59999,-71.94526,165.59999,-61.779083
166.20001,-69.01271,166.20001,-69.20821,166.20001,-61.58358
166.8,-68.4262,166.8,-67.448685,166.8,-60.99707
167.40001,-68.2307,167.40001,-65.88466,167.40001,-60.606064
168.0,-68.2307,168.0,-64.907135,168.0,-60.801567
168.59999,-68.621704,168.59999,-64.12512,168.59999,-61.192574
169.2,-68.035194,169.2,-64.12512,169.2,-61.58358
169.79999,-66.862175,169.79999,-63.92962,169.79999,-61.58358
170.40001,-65.29814,170.40001,-63.147606,170.40001,-61.779083
171.0,-62.365593,171.0,-60.99707,171.0,-60.801567
171.6,-61.974586,171.6,-59.237534,171.6,-60.41056
172.2,-60.215057,172.2,-59.433044,172.2,-58.651024
172.79999,-58.260017,172.79999,-60.215057,172.79999,-57.478004
173.40001,-55.131966,173.40001,-61.974586,173.40001,-54.545456
174.0,-54.936462,174.0,-61.974586,174.0,-51.808403
174.6,-53.176933,174.6,-62.561096,174.6,-49.657867
175.2,-47.116325,175.2,-65.29814,175.2,-48.484848
175.8,-15.640274,175.8,-75.85532,175.8,-37.73216
176.4,-1.7595308,176.4,-73.90029,176.4,-18.181818
176.99998,-0.58651024,176.99998,-65.689156,176.99998,-0.9775171
177.6,-0.78201365,177.6,-83.284454,177.6,-1.9550343
178.2,-0.9775171,178.2,-126.68622,178.2,-9.579667
178.8,-1.1730205,178.8,-129.22775,178.8,-25.024437
179.4,-1.9550343,179.4,-129.22775,179.4,-40.273705
180.0,-7.038123,180.0,-129.22775,180.0,-51.6129
180.6,-36.363636,180.6,-129.61876,180.6,-58.45552
181.2,-41.25122,181.2,-130.20528,181.2,-51.808403
181.8,-44.57478,181.8,-130.40077,181.8,-49.657867
182.4,-47.50733,182.4,-130.20528,182.4,-59.237534
183.0,-52.394913,183.0,-126.490715,183.0,-72.336266
183.59999,-60.99707,183.59999,-103.81232,183.59999,-84.26197
184.20001,-64.12512,184.20001,-94.428154,184.20001,-85.6305
184.8,-65.88466,184.8,-87.78104,184.8,-84.45748
185.4,-66.08016,185.4,-83.67546,185.4,-82.50244
186.0,-65.88466,186.0,-80.351906,186.0,-81.524925
186.59999,-66.66667,186.59999,-74.682304,186.59999,-80.938416
187.2,-66.66667,187.2,-71.94526,187.2,-81.32942
187.8,-67.05768,187.8,-69.59922,187.8,-81.72043
188.40001,-68.2307,188.40001,-68.4262,188.40001,-81.72043
189.0,-68.621704,189.0,-67.448685,189.0,-79.765396
189.6,-68.035194,189.6,-67.05768,189.6,-78.59238
190.2,-67.83969,190.2,-66.47117,190.2,-77.22385
190.79999,-67.64419,190.79999,-65.88466,190.79999,-76.44183
191.40001,-68.035194,191.40001,-65.493645,191.40001,-75.65982
192.0,-69.01271,192.0,-65.10264,192.0,-74.682304
192.6,-69.40372,192.6,-65.493645,192.6,-73.70479
193.2,-69.99023,193.2,-65.689156,193.2,-72.336266
193.8,-70.96774,193.8,-66.08016,193.8,-69.99023
194.4,-71.163246,194.4,-66.275665,194.4,-68.621704
195.0,-71.55425,195.0,-66.08016,195.0,-67.64419
195.6,-72.14076,195.6,-66.862175,195.6,-66.275665
196.2,-71.94526,196.2,-67.64419,196.2,-65.10264
196.8,-71.94526,196.8,-69.59922,196.8,-63.147606
197.4,-71.55425,197.4,-70.18573,197.4,-62.561096
198.00002,-71.94526,198.00002,-71.163246,198.00002,-60.019554
198.6,-73.90029,198.6,-72.14076,198.6,-59.237534
199.2,-74.87781,199.2,-73.11828,199.2,-58.651024
199.8,-72.53177,199.8,-73.509285,199.8,-58.260017
200.4,-71.163246,200.4,-72.336266,200.4,-58.064514
201.0,-71.35875,201.0,-70.57674,201.0,-57.478004
201.59999,-75.07331,201.59999,-71.94526,201.59999,-55.522972
202.20001,-75.07331,202.20001,-71.94526,202.20001,-55.522972
202.8,-74.682304,202.8,-74.4868,202.8,-55.522972
203.4,-73.509285,203.4,-73.509285,203.4,-55.32747
204.0,-72.922775,204.0,-72.72727,204.0,-54.15445
204.59999,-74.682304,204.59999,-75.268814,204.59999,-50.244377
205.20001,-75.268814,205.20001,-76.24633,205.20001,-49.26686
205.8,-74.87781,205.8,-76.05083,205.8,-48.68035
206.40001,-75.268814,206.40001,-74.682304,206.40001,-49.657867
207.0,-75.07331,207.0,-76.05083,207.0,-50.830887
207.59999,-75.85532,207.59999,-77.61485,207.59999,-50.830887
208.2,-75.65982,208.2,-78.39687,208.2,-50.830887
208.79999,-76.05083,208.79999,-78.39687,208.79999,-51.221893
209.40001,-75.46432,209.40001,-78.78788,209.40001,-51.221893
210.0,-73.70479,210.0,-77.810356,210.0,-51.6129
210.6,-72.922775,210.6,-77.02834,210.6,-52.19941
211.2,-71.94526,211.2,-75.85532,211.2,-52.981422
211.79999,-71.55425,211.79999,-75.07331,211.79999,-53.763443
212.4,-70.96774,212.4,-73.70479,212.4,-54.936462
213.0,-70.77224,213.0,-72.922775,213.0,-55.718475
213.6,-70.38123,213.6,-71.94526,213.6,-55.91398
214.2,-70.18573,214.2,-71.55425,214.2,-56.69599
214.8,-70.57674,214.8,-69.59922,214.8,-57.086998
215.4,-70.38123,215.4,-69.01271,215.4,-57.478004
216.00002,-70.57674,216.00002,-68.2307,216.00002,-57.673508
216.6,-70.77224,216.6,-67.64419,216.6,-58.064514
217.2,-70.38123,217.2,-67.05768,217.2,-58.064514
217.8,-70.38123,217.8,-65.29814,217.8,-57.673508
218.4,-69.99023,218.4,-64.12512,218.4,-57.673508
219.0,-69.59922,219.0,-63.34311,219.0,-57.478004
219.59999,-69.99023,219.59999,-62.561096,219.59999,-57.86901
220.20001,-69.99023,220.20001,-62.17009,220.20001,-58.651024
220.8,-69.20821,220.8,-61.388077,220.8,-59.237534
221.4,-68.035194,221.4,-60.215057,221.4,-59.433044
222.0,-66.66667,222.0,-59.433044,222.0,-59.433044
222.59999,-64.51613,222.59999,-59.628548,222.59999,-57.673508
223.20001,-63.34311,223.20001,-59.628548,223.20001,-56.69599
223.8,-62.17009,223.8,-59.82405,223.8,-56.10948
224.40001,-60.41056,224.40001,-60.41056,224.40001,-55.718475
225.0,-59.433044,225.0,-61.192574,225.0,-55.131966
225.59999,-57.86901,225.59999,-63.147606,225.59999,-51.417397
226.2,-54.74096,226.2,-65.10264,226.2,-50.244377
226.79999,-46.920822,226.79999,-69.01271,226.79999,-50.048874
227.40001,-30.889542,227.40001,-75.65982,227.40001,-47.31183
228.0,-0.9775171,228.0,-69.59922,228.0,-8.797654
228.6,-0.78201365,228.6,-63.92962,228.6,-0.9775171
229.2,-0.78201365,229.2,-111.82796,229.2,-5.6695995
229.79999,-0.78201365,229.79999,-128.25024,229.79999,-6.4516125
230.40001,-1.7595308,230.40001,-128.64125,230.40001,-28.739002
231.0,-12.121212,231.0,-128.64125,231.0,-47.702835
231.6,-20.527859,231.6,-128.83675,231.6,-55.522972
232.2,-29.130009,232.2,-129.22775,232.2,-57.673508
232.8,-35.190617,232.8,-130.00977,232.8,-42.81525
233.4,-43.792767,233.4,-130.20528,233.4,-45.747803
233.99998,-50.43988,233.99998,-130.20528,233.99998,-59.237534
234.6,-53.56794,234.6,-123.16716,234.6,-72.922775
235.2,-57.086998,235.2,-111.24145,235.2,-80.74291
235.8,-65.10264,235.8,-92.082115,235.8,-86.02151
236.4,-66.275665,236.4,-86.02151,236.4,-84.26197
237.0,-66.08016,237.0,-81.72043,237.0,-83.67546
237.6,-65.689156,237.6,-74.4868,237.6,-84.652985
238.20001,-66.08016,238.20001,-71.749756,238.20001,-84.84849
238.8,-66.66667,238.8,-69.99023,238.8,-84.26197
239.4,-67.25318,239.4,-68.2307,239.4,-83.870964
240.0,-67.83969,240.0,-66.862175,240.0,-82.697945
240.59999,-68.2307,240.59999,-64.907135,240.59999,-80.1564
241.20001,-68.4262,241.20001,-63.92962,241.20001,-79.17889
241.8,-69.01271,241.8,-63.34311,241.8,-78.59238
242.40001,-69.59922,242.40001,-63.34311,242.40001,-77.61485
243.0,-70.57674,243.0,-63.538612,243.0,-76.05083
243.59999,-72.14076,243.59999,-63.34311,243.59999,-74.2913
244.2,-72.336266,244.2,-63.734116,244.2,-72.53177
244.79999,-74.2913,244.79999,-63.34311,244.79999,-71.35875
245.40001,-73.31378,245.40001,-63.734116,245.40001,-67.83969
246.0,-72.922775,246.0,-64.71163,246.0,-67.448685
246.6,-73.31378,246.6,-65.10264,246.6,-66.275665
247.2,-73.509285,247.2,-64.71163,247.2,-65.10264
247.79999,-72.922775,247.79999,-65.493645,247.79999,-64.12512
248.40001,-69.40372,248.40001,-67.448685,248.40001,-63.538612
249.0,-68.2307,249.0,-67.64419,249.0,-62.7566
249.6,-69.01271,249.6,-67.25318,249.6,-61.388077
250.2,-70.96774,250.2,-66.47117,250.2,-60.606064
250.8,-73.90029,250.8,-68.2307,250.8,-58.064514
251.4,-72.72727,251.4,-69.59922,251.4,-57.86901
251.99998,-70.57674,251.99998,-69.99023,251.99998,-57.086998
252.6,-69.79472,252.6,-69.20821,252.6,-56.10948
253.2,-72.922775,253.2,-64.71163,253.2,-55.522972
253.8,-73.11828,253.8,-66.275665,253.8,-55.32747
254.4,-72.72727,254.4,-67.64419,254.4,-55.131966
255.0,-71.94526,255.0,-68.035194,255.0,-55.131966
255.6,-74.2913,255.6,-66.08016,255.6,-51.6129
256.19998,-75.85532,256.19998,-65.493645,256.19998,-50.244377
256.8,-76.05083,256.8,-66.275665,256.8,-50.244377
257.4,-74.2913,257.4,-68.035194,257.4,-50.244377
258.0,-75.65982,258.0,-71.163246,258.0,-46.920822
258.6,-70.57674,258.6,-73.31378,258.6,-45.943306
259.2,-69.79472,259.2,-72.53177,259.2,-44.770283
259.8,-70.38123,259.8,-70.18573,259.8,-44.965786
260.4,-72.72727,260.4,-68.621704,260.4,-46.529816
261.0,-71.163246,261.0,-68.2307,261.0,-51.221893
261.6,-72.336266,261.6,-69.01271,261.6,-52.19941
262.2,-71.55425,262.2,-68.621704,262.2,-51.808403
262.8,-70.57674,262.8,-68.621704,262.8,-52.19941
263.4,-69.40372,263.4,-68.2307,263.4,-55.32747
264.0,-69.20821,264.0,-67.64419,264.0,-55.91398
264.6,-68.621704,264.6,-67.64419,264.6,-51.6129
265.2,-68.2307,265.2,-67.05768,265.2,-52.981422
265.8,-69.40372,265.8,-61.58358,265.8,-50.43988
266.4,-70.57674,266.4,-64.320625,266.4,-55.718475
267.0,-70.57674,267.0,-68.621704,267.0,-58.846527
267.6,-70.18573,267.6,-68.2307,267.6,-59.04203
268.2,-68.2307,268.2,-66.47117,268.2,-58.45552
268.80002,-67.83969,268.80002,-65.493645,268.80002,-58.45552
269.4,-67.25318,269.4,-70.38123,269.4,-57.673508
270.0,-68.2307,270.0,-67.448685,270.0,-59.237534
270.6,-69.40372,270.6,-66.862175,270.6,-54.74096
271.19998,-68.4262,271.19998,-64.907135,271.19998,-51.808403
271.80002,-67.05768,271.80002,-65.493645,271.80002,-54.936462
272.4,-69.59922,272.4,-63.147606,272.4,-53.372437
273.0,-71.749756,273.0,-63.734116,273.0,-55.522972
273.6,-75.65982,273.6,-65.29814,273.6,-55.522972
274.19998,-70.57674,274.19998,-64.51613,274.19998,-52.394913
274.8,-67.05768,274.8,-59.04203,274.8,-53.958946
275.4,-65.10264,275.4,-57.673508,275.4,-56.69599
276.0,-65.88466,276.0,-57.2825,276.0,-54.936462
276.6,-70.18573,276.6,-57.86901,276.6,-47.702835
277.2,-68.621704,277.2,-57.478004,277.2,-47.702835
277.8,-68.2307,277.8,-58.260017,277.8,-49.071358
278.4,-69.40372,278.4,-59.433044,278.4,-51.417397
279.0,-70.96774,279.0,-60.215057,279.0,-53.763443
279.6,-73.90029,279.6,-61.192574,279.6,-56.891495
280.2,-72.14076,280.2,-60.801567,280.2,-58.260017
280.8,-70.38123,280.8,-61.58358,280.8,-58.846527
281.4,-68.2307,281.4,-56.304985,281.4,-57.86901
282.0,-66.862175,282.0,-54.15445,282.0,-56.891495
282.6,-66.275665,282.6,-54.74096,282.6,-57.086998
283.2,-66.275665,283.2,-53.958946,283.2,-56.50049
283.8,-65.493645,283.8,-53.56794,283.8,-56.50049
284.4,-66.47117,284.4,-53.958946,284.4,-57.086998
285.0,-67.05768,285.0,-54.74096,285.0,-57.86901
285.6,-68.035194,285.6,-54.74096,285.6,-58.064514
286.2,-67.448685,286.2,-56.10948,286.2,-59.237534
286.8,-67.448685,286.8,-57.478004,286.8,-59.628548
287.4,-70.77224,287.4,-57.673508,287.4,-57.673508
288.0,-68.035194,288.0,-57.2825,288.0,-55.522972
288.6,-66.47117,288.6,-57.2825,288.6,-53.763443
289.19998,-68.035194,289.19998,-57.478004,289.19998,-53.176933
289.80002,-70.18573,289.80002,-58.651024,289.80002,-54.545456
290.4,-70.38123,290.4,-59.628548,290.4,-56.304985
291.0,-70.18573,291.0,-59.04203,291.0,-56.10948
291.6,-70.18573,291.6,-58.45552,291.6,-56.10948
292.19998,-70.38123,292.19998,-59.04203,292.19998,-55.718475
292.80002,-71.35875,292.80002,-59.237534,292.80002,-54.936462
293.4,-72.53177,293.4,-59.628548,293.4,-55.131966
294.0,-73.70479,294.0,-61.779083,294.0,-56.304985
294.6,-73.70479,294.6,-61.779083,294.6,-56.304985
295.2,-73.90029,295.2,-61.388077,295.2,-53.763443
295.8,-73.70479,295.8,-61.192574,295.8,-53.372437
296.4,-73.90029,296.4,-60.801567,296.4,-52.394913
297.0,-74.2913,297.0,-60.99707,297.0,-52.590416
297.6,-73.90029,297.6,-60.801567,297.6,-55.32747
298.2,-74.4868,298.2,-60.215057,298.2,-54.936462
298.8,-73.90029,298.8,-59.82405,298.8,-53.56794
299.4,-72.53177,299.4,-58.651024,299.4,-53.372437
300.0,-74.682304,300.0,-60.215057,300.0,-52.78592
300.6,-73.70479,300.6,-59.04203,300.6,-52.78592
301.19998,-70.57674,301.19998,-57.2825,301.19998,-52.981422
301.80002,-70.38123,301.80002,-57.478004,301.80002,-54.349953
302.4,-74.2913,302.4,-56.891495,302.4,-54.74096
303.0,-72.922775,303.0,-56.891495,303.0,-55.32747
303.59998,-73.11828,303.59998,-56.304985,303.59998,-54.545456
304.2,-74.87781,304.2,-57.478004,304.2,-52.394913
304.80002,-71.35875,304.80002,-57.673508,304.80002,-55.718475
305.4,-73.11828,305.4,-56.50049,305.4,-56.304985
306.0,-72.72727,306.0,-57.673508,306.0,-56.10948
306.59998,-72.14076,306.59998,-57.086998,306.59998,-57.2825
307.2,-71.35875,307.2,-56.69599,307.2,-58.846527
307.80002,-72.72727,307.80002,-57.2825,307.80002,-59.82405
308.4,-73.11828,308.4,-58.064514,308.4,-60.606064
309.0,-72.922775,309.0,-58.846527,309.0,-61.58358
309.59998,-72.53177,309.59998,-58.064514,309.59998,-61.974586
310.2,-72.14076,310.2,-58.064514,310.2,-63.92962
310.80002,-72.336266,310.80002,-58.260017,310.80002,-64.907135
311.4,-72.14076,311.4,-58.846527,311.4,-66.08016
312.0,-71.94526,312.0,-58.846527,312.0,-67.05768
312.6,-71.94526,312.6,-58.846527,312.6,-67.05768
313.2,-72.14076,313.2,-58.651024,313.2,-66.47117
313.8,-71.94526,313.8,-58.45552,313.8,-65.29814
314.4,-70.96774,314.4,-58.260017,314.4,-65.29814
315.0,-68.621704,315.0,-57.86901,315.0,-66.862175
315.6,-68.621704,315.6,-57.86901,315.6,-66.862175
316.2,-64.12512,316.2,-56.891495,316.2,-69.79472
316.8,-60.99707,316.8,-55.718475,316.8,-70.38123
317.4,-58.260017,317.4,-53.958946,317.4,-70.57674
317.99997,-52.981422,317.99997,-50.244377,317.99997,-68.4262
318.6,-51.221893,318.6,-47.50733,318.6,-67.25318
319.2,-51.02639,319.2,-43.98827,319.2,-64.320625
319.8,-51.808403,319.8,-41.642227,319.8,-60.606064
320.4,-46.529816,320.4,-47.116325,320.4,-54.74096
321.00003,-33.235584,321.00003,-51.02639,321.00003,-49.071358
321.6,-8.602151,321.6,-41.83773,321.6,-42.81525
322.2,-0.78201365,322.2,-1.1730205,322.2,-40.273705
322.8,-0.78201365,322.8,-0.9775171,322.8,-38.709675
323.4,-0.9775171,323.4,-9.579667,323.4,-2.1505377
324.0,-0.9775171,324.0,-32.06256,324.0,-0.9775171
324.6,-0.78201365,324.6,-81.72043,324.6,-0.58651024
325.2,-41.642227,325.2,-99.511246,325.2,-0.78201365
325.8,-56.10948,325.8,-84.84849,325.8,-0.78201365
326.40002,-59.04203,326.40002,-85.04399,326.40002,-0.9775171
327.0,-61.388077,327.0,-89.34506,327.0,-3.1280546
327.6,-62.17009,327.6,-91.88661,327.6,-16.422289
328.19998,-64.12512,328.19998,-93.05963,328.19998,-28.934505
328.8,-69.99023,328.8,-95.60117,328.8,-42.22874
329.40002,-73.31378,329.40002,-93.64614,329.40002,-48.289345
330.0,-72.922775,330.0,-89.14956,330.0,-53.56794
330.6,-71.749756,330.6,-85.239494,330.6,-56.891495
331.19998,-69.59922,331.19998,-79.56989,331.19998,-62.17009
331.8,-70.38123,331.8,-78.00586,331.8,-63.92962
332.40002,-69.59922,332.40002,-77.22385,332.40002,-64.907135
333.0,-69.99023,333.0,-76.24633,333.0,-65.88466
333.6,-69.40372,333.6,-73.509285,333.6,-66.66667
334.19998,-70.77224,334.19998,-72.14076,334.19998,-67.448685
334.80002,-69.79472,334.80002,-71.35875,334.80002,-67.83969
335.40002,-69.40372,335.40002,-70.57674,335.40002,-68.035194
336.0,-69.79472,336.0,-70.18573,336.0,-67.83969
336.6,-71.35875,336.6,-69.01271,336.6,-67.448685
337.19998,-71.35875,337.19998,-68.621704,337.19998,-67.64419
337.80002,-71.163246,337.80002,-68.035194,337.80002,-67.64419
338.4,-70.57674,338.4,-66.862175,338.4,-66.862175
339.0,-70.57674,339.0,-66.862175,339.0,-66.862175
339.59998,-71.163246,339.59998,-67.05768,339.59998,-63.92962
340.19998,-71.55425,340.19998,-67.83969,340.19998,-61.974586
340.80002,-71.55425,340.80002,-67.448685,340.80002,-60.606064
341.4,-69.20821,341.4,-64.51613,341.4,-58.45552
342.0,-70.57674,342.0,-62.561096,342.0,-58.064514
342.59998,-69.59922,342.59998,-61.779083,342.59998,-57.673508
343.2,-69.99023,343.2,-61.58358,343.2,-56.891495
343.80002,-71.163246,343.80002,-61.58358,343.80002,-56.10948
344.4,-73.509285,344.4,-60.801567,344.4,-52.394913
345.0,-72.72727,345.0,-58.846527,345.0,-51.221893
345.59998,-70.18573,345.59998,-57.086998,345.59998,-50.830887
346.2,-68.035194,346.2,-55.522972,346.2,-50.830887
346.80002,-67.83969,346.80002,-54.74096,346.80002,-51.417397
347.4,-73.31378,347.4,-53.56794,347.4,-49.26686
348.0,-74.2913,348.0,-53.176933,348.0,-45.943306
348.59998,-73.31378,348.59998,-51.808403,348.59998,-44.379276
349.2,-70.18573,349.2,-48.484848,349.2,-44.965786
349.8,-69.99023,349.8,-48.09384,349.8,-45.747803
350.4,-69.99023,350.4,-48.289345,350.4,-45.943306
351.0,-71.163246,351.0,-49.071358,351.0,-46.334312
351.6,-72.53177,351.6,-49.657867,351.6,-46.529816
352.2,-73.70479,352.2,-49.657867,352.2,-47.31183
352.8,-72.53177,352.8,-50.048874,352.8,-47.50733
353.4,-74.095795,353.4,-50.830887,353.4,-47.89834
353.99997,-74.4868,353.99997,-51.6129,353.99997,-48.68035
354.6,-71.749756,354.6,-52.78592,354.6,-50.048874
355.2,-72.922775,355.2,-53.372437,355.2,-51.808403
355.8,-72.14076,355.8,-53.56794,355.8,-52.590416
356.4,-71.55425,356.4,-54.349953,356.4,-53.763443
357.00003,-71.55425,357.00003,-55.32747,357.00003,-54.349953
357.6,-71.55425,357.6,-56.891495,357.6,-56.10948
358.2,-71.163246,358.2,-56.891495,358.2,-56.891495
358.8,-71.163246,358.8,-57.086998,358.8,-57.2825
359.4,-71.35875,359.4,-57.478004,359.4,-58.064514
360.0,-71.749756,360.0,-58.846527,360.0,-59.433044
360.6,-72.336266,360.6,-59.237534,360.6,-60.215057
361.2,-71.94526,361.2,-59.237534,361.2,-60.215057
361.8,-72.336266,361.8,-59.237534,361.8,-60.019554
362.4,-72.922775,362.4,-59.237534,362.4,-60.606064
363.0,-72.922775,363.0,-59.433044,363.0,-60.99707
363.6,-73.11828,363.6,-60.019554,363.6,-60.801567
364.19998,-73.509285,364.19998,-60.215057,364.19998,-60.99707
364.8,-73.90029,364.8,-60.41056,364.8,-61.58358
365.40002,-74.2913,365.40002,-60.215057,365.40002,-62.17009
366.0,-73.90029,366.0,-60.606064,366.0,-62.561096
366.6,-73.509285,366.6,-60.606064,366.6,-63.34311
367.19998,-73.31378,367.19998,-60.606064,367.19998,-64.320625
367.8,-72.922775,367.8,-60.215057,367.8,-64.907135
368.40002,-72.72727,368.40002,-59.628548,368.40002,-65.29814
369.0,-72.336266,369.0,-58.846527,369.0,-64.907135
369.6,-71.749756,369.6,-58.260017,369.6,-65.689156
370.19998,-69.20821,370.19998,-57.086998,370.19998,-67.83969
370.8,-68.4262,370.8,-56.304985,370.8,-69.01271
371.40002,-68.035194,371.40002,-55.32747,371.40002,-69.01271
372.0,-65.689156,372.0,-54.15445,372.0,-67.64419
372.6,-65.689156,372.6,-54.15445,372.6,-67.64419
373.19998,-62.952103,373.19998,-52.590416,373.19998,-66.47117
373.80002,-60.019554,373.80002,-52.19941,373.80002,-66.275665
374.4,-54.545456,374.4,-52.590416,374.4,-63.538612
375.0,-6.84262,375.0,-34.604107,375.0,-44.183773
375.6,-0.9775171,375.6,-1.9550343,375.6,-43.792767
376.19998,-0.9775171,376.19998,-0.78201365,376.19998,-55.32747
376.80002,-0.78201365,376.80002,-0.9775171,376.80002,-1.7595308
377.4,-0.78201365,377.4,-35.581623,377.4,-0.78201365
378.0,-1.5640273,378.0,-47.116325,378.0,-0.9775171
378.59998,-31.476051,378.59998,-63.147606,378.59998,-0.58651024
379.2,-43.98827,379.2,-71.163246,379.2,-0.9775171
379.80002,-53.372437,379.80002,-72.14076,379.80002,-0.78201365
380.4,-63.34311,380.4,-74.4868,380.4,-0.9775171
381.0,-64.907135,381.0,-79.37439,381.0,-4.105572
381.59998,-67.83969,381.59998,-82.697945,381.59998,-15.444771
382.2,-69.01271,382.2,-85.04399,382.2,-34.604107
382.80002,-69.40372,382.80002,-85.239494,382.80002,-41.25122
383.4,-72.14076,383.4,-84.652985,383.4,-46.920822
384.0,-71.163246,384.0,-84.45748,384.0,-51.6129
384.59998,-71.163246,384.59998,-82.89345,384.59998,-60.801567
385.2,-71.35875,385.2,-81.32942,385.2,-63.147606
385.80002,-71.163246,385.80002,-80.1564,385.80002,-65.10264
386.4,-70.38123,386.4,-78.98338,386.4,-66.275665
387.0,-70.38123,387.0,-77.61485,387.0,-67.05768
387.6,-71.163246,387.6,-75.46432,387.6,-69.01271
388.2,-69.79472,388.2,-74.095795,388.2,-69.20821
388.8,-69.01271,388.8,-72.336266,388.8,-68.035194
389.4,-71.35875,389.4,-69.79472,389.4,-66.275665
390.0,-71.35875,390.0,-69.79472,390.0,-66.275665
390.6,-71.94526,390.6,-67.64419,390.6,-65.689156
391.2,-71.55425,391.2,-66.275665,391.2,-65.10264
391.8,-71.163246,391.8,-64.907135,391.8,-64.12512
392.4,-70.96774,392.4,-63.538612,392.4,-63.34311
392.99997,-70.77224,392.99997,-62.561096,392.99997,-62.17009
393.6,-71.35875,393.6,-62.561096,393.6,-60.99707
394.2,-71.749756,394.2,-62.7566,394.2,-60.215057
394.8,-71.94526,394.8,-62.561096,394.8,-60.019554
395.4,-71.35875,395.4,-62.17009,395.4,-58.846527
396.00003,-71.163246,396.00003,-61.388077,396.00003,-57.478004
396.6,-70.77224,396.6,-60.41056,396.6,-56.304985
397.2,-70.96774,397.2,-59.433044,397.2,-55.91398
397.8,-71.94526,397.8,-58.260017,397.8,-54.15445
398.4,-70.57674,398.4,-58.260017,398.4,-53.176933
399.0,-69.01271,399.0,-57.86901,399.0,-52.78592
399.6,-69.79472,399.6,-56.69599,399.6,-53.176933
400.2,-72.72727,400.2,-55.131966,400.2,-52.590416
400.8,-73.90029,400.8,-53.56794,400.8,-48.09384
401.40002,-73.11828,401.40002,-53.176933,401.40002,-47.31183
402.0,-72.336266,402.0,-53.372437,402.0,-47.89834
402.6,-70.57674,402.6,-53.176933,402.6,-48.68035
403.19998,-71.94526,403.19998,-54.15445,403.19998,-49.85337
403.8,-72.53177,403.8,-54.545456,403.8,-50.048874
404.40002,-72.53177,404.40002,-54.15445,404.40002,-50.635384
405.0,-72.72727,405.0,-54.15445,405.0,-50.635384
405.6,-72.72727,405.6,-55.522972,405.6,-51.221893
406.19998,-73.70479,406.19998,-56.50049,406.19998,-50.635384
406.8,-74.4868,406.8,-56.304985,406.8,-50.43988
407.40002,-73.11828,407.40002,-56.304985,407.40002,-50.244377
408.0,-72.336266,408.0,-55.522972,408.0,-49.85337
408.6,-73.11828,408.6,-55.718475,408.6,-50.244377
409.19998,-72.72727,409.19998,-55.718475,409.19998,-50.048874
409.80002,-72.922775,409.80002,-56.304985,409.80002,-50.048874
410.40002,-73.31378,410.40002,-56.891495,410.40002,-49.85337
411.0,-73.509285,411.0,-57.478004,411.0,-51.02639
411.6,-73.11828,411.6,-57.478004,411.6,-52.19941
412.19998,-72.14076,412.19998,-57.478004,412.19998,-52.981422
412.80002,-71.55425,412.80002,-57.2825,412.80002,-53.958946
413.4,-71.55425,413.4,-57.086998,413.4,-55.91398
414.0,-71.55425,414.0,-57.86901,414.0,-56.69599
414.59998,-72.14076,414.59998,-58.064514,414.59998,-56.891495
415.19998,-72.14076,415.19998,-58.45552,415.19998,-57.673508
415.80002,-71.94526,415.80002,-58.846527,415.80002,-59.04203
416.4,-71.749756,416.4,-58.846527,416.4,-61.192574
417.0,-71.35875,417.0,-58.651024,417.0,-61.58358
417.59998,-70.77224,417.59998,-57.86901,417.59998,-62.17009
418.2,-70.38123,418.2,-57.2825,418.2,-62.952103
418.80002,-69.99023,418.80002,-56.50049,418.80002,-64.71163
419.4,-69.99023,419.4,-56.50049,419.4,-65.29814
420.0,-69.79472,420.0,-57.86901,420.0,-65.29814
420.59998,-66.862175,420.59998,-60.606064,420.59998,-69.59922
421.2,-63.538612,421.2,-60.606064,421.2,-71.163246
421.80002,-60.41056,421.80002,-59.82405,421.80002,-71.55425
422.4,-57.478004,422.4,-57.673508,422.4,-69.20821
423.0,-50.43988,423.0,-49.657867,423.0,-62.7566
423.59998,-44.965786,423.59998,-46.13881,423.59998,-60.801567
424.2,-32.06256,424.2,-46.529816,424.2,-58.846527
424.8,-6.256109,424.8,-38.123165,424.8,-61.388077
425.4,-0.78201365,425.4,-1.1730205,425.4,-64.907135
426.0,-1.1730205,426.0,-1.5640273,426.0,-49.657867
426.6,-0.9775171,426.6,-6.84262,426.6,-21.70088
427.2,-1.1730205,427.2,-25.415443,427.2,-1.7595308
427.8,-1.1730205,427.8,-56.304985,427.8,-1.1730205
428.4,-0.78201365,428.4,-86.02151,428.4,-0.78201365
428.99997,-36.754642,428.99997,-79.37439,428.99997,-0.78201365
429.6,-50.830887,429.6,-57.2825,429.6,-0.9775171
430.2,-56.10948,430.2,-67.25318,430.2,-0.78201365
430.8,-60.801567,430.8,-80.54741,430.8,-0.78201365
431.4,-65.29814,431.4,-89.34506,431.4,-21.896383
432.00003,-70.38123,432.00003,-90.71359,432.00003,-31.671555
432.6,-69.79472,432.6,-90.909096,432.6,-38.51417
433.2,-68.81721,433.2,-88.954056,433.2,-47.116325
433.8,-68.4262,433.8,-87.58553,433.8,-53.56794
434.4,-67.64419,434.4,-85.435,434.4,-62.7566
435.0,-67.448685,435.0,-84.26197,435.0,-65.88466
435.6,-67.448685,435.6,-82.111435,435.6,-67.64419
436.2,-68.035194,436.2,-78.00586,436.2,-69.99023
436.8,-68.2307,436.8,-76.44183,436.8,-71.55425
437.4,-68.4262,437.4,-74.4868,437.4,-72.14076
438.0,-69.59922,438.0,-73.31378,438.0,-72.336266
438.6,-69.20821,438.6,-71.55425,438.6,-71.749756
439.19998,-71.749756,439.19998,-69.40372,439.19998,-71.163246
439.8,-72.336266,439.8,-69.59922,439.8,-70.57674
440.40002,-72.336266,440.40002,-69.20821,440.40002,-69.79472
441.0,-73.70479,441.0,-68.2307,441.0,-68.621704
441.6,-73.70479,441.6,-67.25318,441.6,-67.83969
442.19998,-72.53177,442.19998,-65.29814,442.19998,-67.64419
442.8,-71.35875,442.8,-63.734116,442.8,-67.448685
443.40002,-70.57674,443.40002,-62.952103,443.40002,-67.05768
444.0,-70.38123,444.0,-62.952103,444.0,-66.47117
444.6,-71.94526,444.6,-64.320625,444.6,-64.71163
445.19998,-72.336266,445.19998,-64.71163,445.19998,-63.92962
445.8,-72.72727,445.8,-64.51613,445.8,-63.34311
446.40002,-72.72727,446.40002,-62.7566,446.40002,-61.192574
447.0,-70.77224,447.0,-62.365593,447.0,-60.41056
447.6,-68.81721,447.6,-61.58358,447.6,-60.019554
448.19998,-69.59922,448.19998,-60.215057,448.19998,-60.215057
448.80002,-71.749756,448.80002,-60.606064,448.80002,-58.45552
449.4,-72.53177,449.4,-60.801567,449.4,-52.981422
450.0,-71.163246,450.0,-60.215057,450.0,-51.6129
450.6,-69.99023,450.6,-58.846527,450.6,-51.6129
451.19998,-69.99023,451.19998,-58.064514,451.19998,-52.19941
451.80002,-72.14076,451.80002,-57.2825,451.80002,-52.981422
452.4,-75.46432,452.4,-57.2825,452.4,-50.048874
453.0,-73.70479,453.0,-57.478004,453.0,-48.484848
453.59998,-71.94526,453.59998,-56.50049,453.59998,-47.89834
454.2,-70.96774,454.2,-55.522972,454.2,-47.89834
454.80002,-71.35875,454.80002,-55.522972,454.80002,-49.071358
455.4,-72.336266,455.4,-54.936462,455.4,-49.462364
456.0,-73.31378,456.0,-54.15445,456.0,-48.484848
456.59998,-73.31378,456.59998,-53.958946,456.59998,-47.50733
457.2,-74.095795,457.2,-53.958946,457.2,-42.81525
457.80002,-74.095795,457.80002,-53.56794,457.80002,-41.83773
458.4,-73.509285,458.4,-53.176933,458.4,-42.033234
459.0,-73.31378,459.0,-52.394913,459.0,-42.424244
459.59998,-72.72727,459.59998,-50.830887,459.59998,-43.597263
460.2,-71.749756,460.2,-50.830887,460.2,-45.356796
460.80002,-71.163246,460.80002,-51.221893,460.80002,-46.72532
461.4,-70.96774,461.4,-51.808403,461.4,-47.89834
462.0,-69.59922,462.0,-53.763443,462.0,-51.6129
462.6,-69.01271,462.6,-54.545456,462.6,-53.56794
463.2,-68.621704,463.2,-54.74096,463.2,-55.522972
463.8,-68.035194,463.8,-54.349953,463.8,-57.2825
464.4,-67.83969,464.4,-54.349953,464.4,-59.628548
465.0,-67.64419,465.0,-55.131966,465.0,-64.71163
465.6,-67.448685,465.6,-55.522972,465.6,-66.08016
466.2,-67.25318,466.2,-55.522972,466.2,-66.47117
466.8,-67.25318,466.8,-54.74096,466.8,-66.66667
467.4,-67.448685,467.4,-53.958946,467.4,-66.862175
467.99997,-67.25318,467.99997,-53.958946,467.99997,-67.64419
468.6,-66.862175,468.6,-54.545456,468.6,-68.035194
469.2,-66.08016,469.2,-55.718475,469.2,-68.621704
469.8,-64.907135,469.8,-56.50049,469.8,-69.01271
470.4,-65.29814,470.4,-55.32747,470.4,-65.88466
471.00003,-65.29814,471.00003,-54.545456,471.00003,-64.907135
471.6,-63.92962,471.6,-54.349953,471.6,-64.907135
472.2,-61.974586,472.2,-53.958946,472.2,-64.51613
472.8,-59.433044,472.8,-53.176933,472.8,-63.147606
473.4,-55.32747,473.4,-52.590416,473.4,-59.82405
474.0,-42.619747,474.0,-50.635384,474.0,-54.15445
474.6,-0.9775171,474.6,-5.865103,474.6,-52.981422
475.2,-1.1730205,475.2,-0.9775171,475.2,-64.320625
475.8,-0.9775171,475.8,-1.368524,475.8,-48.875854
476.40002,-0.9775171,476.40002,-14.662756,476.40002,-3.1280546
477.0,-0.9775171,477.0,-37.73216,477.0,-1.1730205
477.6,-0.78201365,477.6,-64.320625,477.6,-0.78201365
478.19998,-30.107529,478.19998,-94.03715,478.19998,-0.78201365
478.8,-43.40176,478.8,-81.32942,478.8,-0.78201365
479.40002,-46.72532,479.40002,-53.372437,479.40002,-0.9775171
480.0,-53.56794,480.0,-58.260017,480.0,-0.78201365
480.6,-61.58358,480.6,-80.54741,480.6,-8.406648
481.19998,-66.47117,481.19998,-85.435,481.19998,-20.332355
481.8,-67.83969,481.8,-88.17204,481.8,-31.085045
482.40002,-68.81721,482.40002,-87.19453,482.40002,-40.469208
483.0,-69.99023,483.0,-86.99902,483.0,-48.09384
483.6,-70.38123,483.6,-84.06647,483.6,-57.2825
484.19998,-70.18573,484.19998,-83.284454,484.19998,-60.99707
484.80002,-69.59922,484.80002,-82.111435,484.80002,-63.734116
485.40002,-69.20821,485.40002,-81.13392,485.40002,-64.51613
486.0,-71.163246,486.0,-79.37439,486.0,-67.64419
486.6,-69.79472,486.6,-77.22385,486.6,-69.20821
487.19998,-67.64419,487.19998,-75.268814,487.19998,-69.20821
487.80002,-68.621704,487.80002,-73.11828,487.80002,-70.38123
488.4,-70.18573,488.4,-71.163246,488.4,-70.77224
489.0,-71.35875,489.0,-69.59922,489.0,-70.57674
489.59998,-71.55425,489.59998,-68.2307,489.59998,-70.57674
490.19998,-71.749756,490.19998,-67.05768,490.19998,-70.57674
490.80002,-73.11828,490.80002,-64.320625,490.80002,-69.40372
491.4,-72.72727,491.4,-62.561096,491.4,-68.035194
492.0,-71.94526,492.0,-60.606064,492.0,-67.05768
492.59998,-70.57674,492.59998,-59.433044,492.59998,-66.08016
493.2,-71.94526,493.2,-58.846527,493.2,-66.66667
493.80002,-72.72727,493.80002,-59.433044,493.80002,-65.689156
494.4,-72.72727,494.4,-59.237534,494.4,-64.51613
495.0,-71.35875,495.0,-58.846527,495.0,-63.734116
495.59998,-67.25318,495.59998,-54.545456,495.59998,-64.12512
496.2,-73.90029,496.2,-54.936462,496.2,-64.51613
496.80002,-76.05083,496.80002,-54.74096,496.80002,-62.365593
497.4,-75.268814,497.4,-55.91398,497.4,-60.606064
498.0,-72.336266,498.0,-54.936462,498.0,-59.628548
498.59998,-67.83969,498.59998,-51.02639,498.59998,-60.019554
499.2,-71.163246,499.2,-50.43988,499.2,-59.82405
499.8,-73.31378,499.8,-49.462364,499.8,-58.846527
500.4,-72.922775,500.4,-50.048874,500.4,-57.2825
501.0,-69.79472,501.0,-49.85337,501.0,-56.69599
501.6,-68.621704,501.6,-49.26686,501.6,-56.69599
502.2,-71.163246,502.2,-48.484848,502.2,-60.019554
502.8,-74.2913,502.8,-51.221893,502.8,-59.628548
503.4,-74.2913,503.4,-52.78592,503.4,-57.2825
503.99997,-73.509285,503.99997,-52.78592,503.99997,-56.304985
504.6,-69.99023,504.6,-55.91398,504.6,-55.131966
505.2,-72.53177,505.2,-54.545456,505.2,-51.417397
505.8,-72.922775,505.8,-50.830887,505.8,-49.071358
506.4,-72.72727,506.4,-52.981422,506.4,-48.68035
507.00003,-74.87781,507.00003,-55.718475,507.00003,-57.673508
507.6,-75.65982,507.6,-52.590416,507.6,-56.50049
508.2,-72.53177,508.2,-54.74096,508.2,-54.545456
508.8,-71.163246,508.8,-52.981422,508.8,-56.304985
509.4,-73.90029,509.4,-55.91398,509.4,-55.718475
510.0,-72.53177,510.0,-57.478004,510.0,-56.891495
510.6,-73.509285,510.6,-57.086998,510.6,-58.260017
511.2,-73.31378,511.2,-56.50049,511.2,-58.260017
511.8,-73.11828,511.8,-55.718475,511.8,-59.04203
512.39996,-71.163246,512.39996,-58.260017,512.39996,-58.846527
513.0,-72.14076,513.0,-58.846527,513.0,-58.260017
513.6,-72.922775,513.6,-59.433044,513.6,-57.478004
514.2,-72.72727,514.2,-59.237534,514.2,-57.478004
514.8,-73.70479,514.8,-58.260017,514.8,-58.651024
515.4,-72.72727,515.4,-58.45552,515.4,-59.237534
516.0,-73.11828,516.0,-57.086998,516.0,-57.2825
516.6,-74.682304,516.6,-55.32747,516.6,-57.086998
517.2,-76.83284,517.2,-56.10948,517.2,-57.86901
517.8,-76.44183,517.8,-58.064514,517.8,-59.04203
518.4,-76.83284,518.4,-56.50049,518.4,-60.801567
519.0,-76.24633,519.0,-54.349953,519.0,-61.58358
519.6,-71.163246,519.6,-54.936462,519.6,-58.846527
520.2,-70.57674,520.2,-53.958946,520.2,-60.215057
520.8,-72.72727,520.8,-52.981422,520.8,-60.41056
521.4,-74.682304,521.4,-55.32747,521.4,-57.478004
522.0,-73.509285,522.0,-55.32747,522.0,-62.365593
522.6,-70.57674,522.6,-55.131966,522.6,-63.734116
523.2,-70.18573,523.2,-52.981422,523.2,-65.689156
523.8,-71.35875,523.8,-54.15445,523.8,-66.08016
524.4,-71.55425,524.4,-53.372437,524.4,-66.275665
525.0,-68.035194,525.0,-52.003906,525.0,-64.12512
525.6,-66.66667,525.6,-50.635384,525.6,-66.862175
526.2,-67.05768,526.2,-49.26686,526.2,-67.83969
526.8,-68.035194,526.8,-48.484848,526.8,-68.81721
527.4,-66.862175,527.4,-49.071358,527.4,-71.163246
528.0,-64.907135,528.0,-49.26686,528.0,-70.18573
528.6,-65.29814,528.6,-49.657867,528.6,-69.99023
529.2,-62.7566,529.2,-50.048874,529.2,-69.20821
529.8,-68.621704,529.8,-48.484848,529.8,-69.79472
530.4,-69.79472,530.4,-49.26686,530.4,-69.40372
531.0,-69.20821,531.0,-51.02639,531.0,-69.20821
531.6,-70.96774,531.6,-50.244377,531.6,-69.59922
532.2,-69.20821,532.2,-50.830887,532.2,-70.38123
532.8,-69.59922,532.8,-50.635384,532.8,-71.35875
533.4,-68.81721,533.4,-50.43988,533.4,-70.96774
534.0,-68.621704,534.0,-50.635384,534.0,-70.96774
534.6,-69.40372,534.6,-51.417397,534.6,-70.96774
535.2,-69.59922,535.2,-51.6129,535.2,-71.35875
535.8,-69.79472,535.8,-50.635384,535.8,-70.77224
536.4,-69.79472,536.4,-50.244377,536.4,-70.18573
537.0,-66.66667,537.0,-48.289345,537.0,-65.493645
537.60004,-67.83969,537.60004,-49.85337,537.60004,-66.862175
538.2,-70.57674,538.2,-50.830887,538.2,-70.96774
538.8,-70.96774,538.8,-54.545456,538.8,-75.46432
539.39996,-73.509285,539.39996,-63.92962,539.39996,-81.524925
540.0,-71.94526,540.0,-57.478004,540.0,-75.268814
540.60004,-70.38123,540.60004,-56.69599,540.60004,-71.94526
541.2,-70.96774,541.2,-55.131966,541.2,-71.749756
541.8,-70.77224,541.8,-55.131966,541.8,-72.14076
542.39996,-70.77224,542.39996,-54.936462,542.39996,-72.336266
543.0,-70.57674,543.0,-56.304985,543.0,-72.336266
543.60004,-71.94526,543.60004,-56.69599,543.60004,-72.14076
544.2,-71.55425,544.2,-57.2825,544.2,-72.14076
544.8,-71.749756,544.8,-57.673508,544.8,-71.35875
545.39996,-72.53177,545.39996,-57.673508,545.39996,-70.96774
546.0,-72.922775,546.0,-56.891495,546.0,-70.77224
546.60004,-72.72727,546.60004,-56.50049,546.60004,-71.163246
547.2,-72.336266,547.2,-56.69599,547.2,-70.96774
547.8,-72.336266,547.8,-57.86901,547.8,-71.35875
548.39996,-73.70479,548.39996,-57.478004,548.39996,-70.77224
549.0,-74.095795,549.0,-57.086998,549.0,-70.18573
549.6,-74.2913,549.6,-56.69599,549.6,-69.79472
550.2,-74.682304,550.2,-56.69599,550.2,-69.59922
550.8,-74.87781,550.8,-56.891495,550.8,-69.59922
551.4,-74.682304,551.4,-57.2825,551.4,-69.59922
552.0,-74.87781,552.0,-57.478004,552.0,-69.59922
552.6,-75.07331,552.6,-57.673508,552.6,-69.59922
553.2,-74.87781,553.2,-57.673508,553.2,-69.79472
553.8,-74.87781,553.8,-57.673508,553.8,-69.99023
554.4,-74.87781,554.4,-57.673508,554.4,-69.99023
555.0,-74.682304,555.0,-57.478004,555.0,-70.18573
555.6,-74.682304,555.6,-57.478004,555.6,-70.38123
556.2,-74.095795,556.2,-58.064514,556.2,-70.77224
556.8,-73.70479,556.8,-58.651024,556.8,-70.77224
557.4,-73.31378,557.4,-59.628548,557.4,-70.96774
558.0,-72.14076,558.0,-61.388077,558.0,-71.55425
558.6,-71.749756,558.6,-61.192574,558.6,-71.35875
559.2,-71.749756,559.2,-60.606064,559.2,-70.77224
559.8,-71.55425,559.8,-60.41056,559.8,-70.18573
560.4,-70.77224,560.4,-61.58358,560.4,-70.18573
561.0,-68.035194,561.0,-63.538612,561.0,-71.94526
561.6,-67.05768,561.6,-63.734116,561.6,-73.70479
562.2,-65.10264,562.2,-63.34311,562.2,-74.87781
562.8,-62.561096,562.8,-62.7566,562.8,-75.85532
563.4,-60.41056,563.4,-62.17009,563.4,-77.22385
564.0,-54.15445,564.0,-60.41056,564.0,-79.765396
564.6,-44.770283,564.6,-55.522972,564.6,-81.72043
565.2,-22.482893,565.2,-47.89834,565.2,-92.47312
565.8,-0.9775171,565.8,-52.981422,565.8,-129.61876
566.4,-0.9775171,566.4,-58.064514,566.4,-130.00977
567.0,-0.78201365,567.0,-13.880743,567.0,-130.20528
567.6,-0.78201365,567.6,-1.7595308,567.6,-129.03226
568.2,-1.1730205,568.2,-0.9775171,568.2,-108.113396
568.8,-1.9550343,568.8,-0.9775171,568.8,-83.67546
569.4,-8.993157,569.4,-0.9775171,569.4,-72.14076
570.0,-21.896383,570.0,-0.9775171,570.0,-57.086998
570.6,-29.912025,570.6,-0.78201365,570.6,-41.642227
571.2,-43.98827,571.2,-2.1505377,571.2,-35.581623
571.8,-48.484848,571.8,-16.03128,571.8,-35.190617
572.4,-52.78592,572.4,-28.347996,572.4,-33.04008
573.0,-61.779083,573.0,-48.484848,573.0,-33.04008
573.6,-64.320625,573.6,-55.718475,573.6,-35.38612
574.2,-66.47117,574.2,-61.192574,574.2,-36.754642
574.8,-67.25318,574.8,-64.907135,574.8,-39.882698
575.4,-66.66667,575.4,-67.64419,575.4,-46.13881
576.0,-66.66667,576.0,-69.40372,576.0,-47.702835
576.60004,-67.25318,576.60004,-70.77224,576.60004,-49.26686
577.2,-67.83969,577.2,-70.96774,577.2,-50.244377
577.8,-68.4262,577.8,-69.99023,577.8,-51.221893
578.39996,-68.81721,578.39996,-67.25318,578.39996,-55.131966
579.0,-68.621704,579.0,-66.08016,579.0,-57.478004
579.60004,-69.20821,579.60004,-64.71163,579.60004,-59.433044
580.2,-69.99023,580.2,-63.147606,580.2,-60.99707
580.8,-70.38123,580.8,-61.58358,580.8,-62.17009
581.39996,-71.94526,581.39996,-58.260017,581.39996,-64.907135
582.0,-72.14076,582.0,-56.69599,582.0,-66.08016
582.60004,-71.55425,582.60004,-55.522972,582.60004,-67.05768
583.2,-70.38123,583.2,-54.74096,583.2,-67.448685
583.8,-69.99023,583.8,-53.958946,583.8,-68.2307
584.39996,-71.94526,584.39996,-53.176933,584.39996,-68.621704
585.0,-73.90029,585.0,-51.221893,585.0,-68.621704
585.60004,-73.31378,585.60004,-48.875854,585.60004,-68.2307
586.2,-67.448685,586.2,-48.484848,586.2,-69.79472
586.8,-66.862175,586.8,-51.02639,586.8,-71.749756
587.39996,-67.64419,587.39996,-51.808403,587.39996,-72.72727
588.0,-68.621704,588.0,-49.26686,588.0,-72.72727
588.6,-71.94526,588.6,-43.98827,588.6,-71.35875
589.2,-70.18573,589.2,-43.98827,589.2,-71.163246
589.8,-68.621704,589.8,-45.747803,589.8,-72.336266
590.4,-67.25318,590.4,-46.72532,590.4,-74.2913
591.0,-66.66667,591.0,-47.116325,591.0,-75.85532
591.6,-68.4262,591.6,-45.943306,591.6,-76.24633
592.2,-69.01271,592.2,-45.747803,592.2,-75.46432
592.8,-70.18573,592.8,-44.965786,592.8,-74.682304
593.4,-70.77224,593.4,-44.183773,593.4,-73.509285
594.0,-70.57674,594.0,-44.770283,594.0,-73.31378
594.6,-70.18573,594.6,-44.965786,594.6,-72.922775
595.2,-70.77224,595.2,-44.965786,595.2,-72.14076
595.8,-70.57674,595.8,-44.183773,595.8,-71.749756
596.4,-68.2307,596.4,-43.98827,596.4,-71.163246
597.0,-69.79472,597.0,-44.379276,597.0,-71.35875
597.6,-69.59922,597.6,-45.16129,597.6,-70.96774
598.2,-69.40372,598.2,-46.334312,598.2,-70.38123
598.8,-69.79472,598.8,-47.702835,598.8,-69.79472
599.4,-69.79472,599.4,-47.89834,599.4,-69.20821
600.0,-69.20821,600.0,-48.875854,600.0,-69.59922
600.60004,-68.2307,600.60004,-50.244377,600.60004,-69.59922
601.2,-68.621704,601.2,-52.590416,601.2,-69.01271
601.8,-69.20821,601.8,-53.176933,601.8,-68.4262
602.39996,-69.99023,602.39996,-53.176933,602.39996,-68.035194
603.0,-69.99023,603.0,-53.372437,603.0,-68.035194
603.60004,-70.18573,603.60004,-53.176933,603.60004,-68.2307
604.19995,-70.96774,604.19995,-52.590416,604.19995,-68.035194
604.8,-71.55425,604.8,-52.394913,604.8,-67.448685
605.39996,-72.14076,605.39996,-52.590416,605.39996,-67.05768
606.0,-72.53177,606.0,-53.176933,606.0,-67.05768
606.60004,-72.336266,606.60004,-53.56794,606.60004,-67.25318
607.19995,-71.55425,607.19995,-55.718475,607.19995,-68.4262
607.8,-71.163246,607.8,-56.304985,607.8,-68.81721
608.4,-71.749756,608.4,-56.10948,608.4,-68.621704
609.0,-72.72727,609.0,-54.936462,609.0,-67.64419
609.60004,-72.72727,609.60004,-54.545456,609.60004,-67.83969
610.19995,-72.53177,610.19995,-55.32747,610.19995,-67.83969
610.8,-72.336266,610.8,-56.50049,610.8,-67.83969
611.4,-72.336266,611.4,-57.478004,611.4,-67.64419
612.0,-71.94526,612.0,-58.064514,612.0,-67.64419
612.60004,-71.55425,612.60004,-58.651024,612.60004,-68.4262
613.19995,-70.77224,613.19995,-60.019554,613.19995,-69.20821
613.8,-70.57674,613.8,-61.192574,613.8,-70.18573
614.4,-69.40372,614.4,-62.17009,614.4,-71.55425
615.0,-69.59922,615.0,-61.974586,615.0,-72.14076
615.60004,-69.59922,615.60004,-61.58358,615.60004,-72.336266
616.19995,-69.40372,616.19995,-61.58358,616.19995,-72.53177
616.8,-67.25318,616.8,-61.779083,616.8,-73.90029
617.4,-65.10264,617.4,-60.801567,617.4,-74.095795
618.0,-58.064514,618.0,-57.2825,618.0,-71.35875
618.60004,-24.63343,618.60004,-52.590416,618.60004,-75.268814
619.19995,-0.78201365,619.19995,-34.604107,619.19995,-129.22775
619.8,-0.78201365,619.8,-52.394913,619.8,-130.00977
620.4,-0.78201365,620.4,-4.692082,620.4,-121.79864
621.0,-0.78201365,621.0,-0.9775171,621.0,-117.693054
621.60004,-1.368524,621.60004,-0.9775171,621.60004,-90.909096
622.19995,-2.737048,622.19995,-0.9775171,622.19995,-57.478004
622.8,-23.851418,622.8,-0.78201365,622.8,-56.69599
623.4,-31.085045,623.4,-0.78201365,623.4,-47.116325
624.0,-43.206257,624.0,-0.78201365,624.0,-40.0782
624.6,-56.50049,624.6,-2.737048,624.6,-38.31867
625.2,-59.82405,625.2,-16.03128,625.2,-39.49169
625.8,-62.561096,625.8,-27.565983,625.8,-40.66471
626.4,-66.66667,626.4,-46.529816,626.4,-42.619747
627.0,-66.66667,627.0,-46.529816,627.0,-42.619747
627.6,-68.4262,627.6,-56.10948,627.6,-45.747803
628.2,-69.01271,628.2,-59.82405,628.2,-47.31183
628.8,-69.01271,628.8,-63.147606,628.8,-49.071358
629.4,-69.40372,629.4,-67.25318,629.4,-51.6129
630.0,-68.81721,630.0,-68.621704,630.0,-52.981422
630.6,-68.621704,630.6,-69.79472,630.6,-54.545456
631.2,-68.81721,631.2,-71.35875,631.2,-55.522972
631.8,-69.79472,631.8,-71.55425,631.8,-58.064514
632.4,-70.96774,632.4,-71.163246,632.4,-58.260017
632.99994,-70.57674,632.99994,-70.18573,632.99994,-58.651024
633.6,-70.96774,633.6,-69.59922,633.6,-59.433044
634.2,-72.53177,634.2,-67.83969,634.2,-61.192574
634.8,-71.94526,634.8,-66.08016,634.8,-61.779083
635.4,-70.96774,635.4,-64.12512,635.4,-62.561096
635.99994,-70.38123,635.99994,-61.779083,635.99994,-63.538612
636.6,-69.99023,636.6,-59.82405,636.6,-64.320625
637.2,-69.59922,637.2,-56.69599,637.2,-65.10264
637.8,-67.448685,637.8,-54.15445,637.8,-64.907135
638.4,-65.689156,638.4,-52.78592,638.4,-65.689156
639.00006,-66.47117,639.00006,-51.6129,639.00006,-67.25318
639.6,-67.25318,639.6,-44.57478,639.6,-69.01271
640.2,-65.689156,640.2,-41.25122,640.2,-69.40372
640.8,-63.34311,640.8,-40.860214,640.8,-69.99023
641.4,-62.365593,641.4,-42.619747,641.4,-71.94526
642.00006,-68.621704,642.00006,-43.010754,642.00006,-73.509285
642.6,-69.59922,642.6,-39.49169,642.6,-73.509285
643.2,-67.83969,643.2,-36.55914,643.2,-72.922775
643.8,-65.88466,643.8,-36.55914,643.8,-73.90029
644.4,-64.12512,644.4,-38.51417,644.4,-74.682304
645.0,-65.493645,645.0,-41.642227,645.0,-73.509285
645.6,-66.275665,645.6,-42.033234,645.6,-72.14076
646.2,-68.621704,646.2,-41.642227,646.2,-71.163246
646.8,-70.38123,646.8,-40.273705,646.8,-70.96774
647.4,-68.035194,647.4,-38.905178,647.4,-72.336266
648.0,-66.47117,648.0,-40.273705,648.0,-72.72727
648.6,-66.66667,648.6,-42.424244,648.6,-72.72727
649.2,-67.448685,649.2,-43.206257,649.2,-71.55425
649.8,-68.2307,649.8,-42.619747,649.8,-69.40372
650.4,-68.621704,650.4,-43.010754,650.4,-67.83969
651.0,-67.25318,651.0,-45.5523,651.0,-68.81721
651.6,-65.88466,651.6,-47.31183,651.6,-70.18573
652.2,-67.25318,652.2,-45.356796,652.2,-68.81721
652.80005,-67.448685,652.80005,-45.356796,652.80005,-68.81721
653.39996,-66.66667,653.39996,-45.5523,653.39996,-69.40372
654.0,-65.88466,654.0,-46.334312,654.0,-70.18573
654.6,-66.08016,654.6,-47.116325,654.6,-70.18573
655.2,-69.59922,655.2,-47.702835,655.2,-69.79472
655.80005,-67.448685,655.80005,-45.943306,655.80005,-68.81721
656.39996,-67.83969,656.39996,-46.13881,656.39996,-69.20821
657.0,-67.05768,657.0,-48.289345,657.0,-70.57674
657.6,-66.275665,657.6,-50.048874,657.6,-71.55425
658.2,-67.64419,658.2,-53.372437,658.2,-72.14076
658.80005,-67.83969,658.80005,-55.131966,658.80005,-71.55425
659.39996,-68.4262,659.39996,-57.086998,659.39996,-71.35875
660.0,-68.035194,660.0,-56.891495,660.0,-71.55425
660.6,-67.83969,660.6,-57.2825,660.6,-71.94526
661.2,-68.4262,661.2,-59.04203,661.2,-71.94526
661.80005,-69.20821,661.80005,-59.433044,661.80005,-71.35875
662.39996,-70.77224,662.39996,-60.019554,662.39996,-69.99023
663.0,-72.72727,663.0,-63.734116,663.0,-68.621704
663.6,-72.53177,663.6,-64.51613,663.6,-69.40372
664.2,-72.336266,664.2,-64.320625,664.2,-70.18573
664.80005,-72.336266,664.80005,-63.34311,664.80005,-70.38123
665.39996,-72.14076,665.39996,-62.561096,665.39996,-70.96774
666.0,-72.336266,666.0,-61.388077,666.0,-71.163246
666.6,-71.94526,666.6,-61.779083,666.6,-71.749756
667.2,-70.18573,667.2,-63.147606,667.2,-72.336266
667.80005,-68.81721,667.80005,-62.952103,667.80005,-73.509285
668.39996,-66.08016,668.39996,-56.69599,668.39996,-73.90029
669.0,-64.320625,669.0,-55.718475,669.0,-75.07331
669.60004,-61.974586,669.60004,-57.086998,669.60004,-76.63734
670.2,-58.45552,670.2,-59.628548,670.2,-78.98338
670.80005,-55.131966,670.80005,-58.45552,670.80005,-83.284454
671.39996,-48.484848,671.39996,-45.943306,671.39996,-83.284454
672.0,-34.2131,672.0,-43.010754,672.0,-80.351906
672.60004,-0.9775171,672.60004,-37.92766,672.60004,-122.58065
673.2,-0.78201365,673.2,-37.536655,673.2,-129.61876
673.8,-0.9775171,673.8,-31.280548,673.8,-129.61876
674.39996,-0.9775171,674.39996,-2.1505377,674.39996,-102.44379
675.0,-0.78201365,675.0,-1.1730205,675.0,-79.9609
675.60004,-1.1730205,675.60004,-0.78201365,675.60004,-58.651024
676.2,-1.5640273,676.2,-0.9775171,676.2,-59.04203
676.8,-2.5415444,676.8,-0.9775171,676.8,-30.889542
677.39996,-2.346041,677.39996,-0.78201365,677.39996,-2.346041
678.0,-14.858261,678.0,-12.512218,678.0,-13.880743
678.60004,-20.527859,678.60004,-25.80645,678.60004,-17.595308
679.19995,-27.565983,679.19995,-36.168133,679.19995,-18.96383
679.8,-34.2131,679.8,-48.68035,679.8,-16.617792
680.39996,-38.51417,680.39996,-50.048874,680.39996,-11.730206
681.0,-48.289345,681.0,-54.545456,681.0,-7.624634
681.60004,-59.04203,681.60004,-70.57674,681.60004,-10.948192
682.19995,-63.147606,682.19995,-76.05083,682.19995,-16.617792
682.8,-60.019554,682.8,-78.00586,682.8,-24.242424
683.4,-56.891495,683.4,-77.810356,683.4,-33.431087
684.0,-53.372437,684.0,-77.22385,684.0,-49.26686
684.60004,-54.349953,684.60004,-77.41935,684.60004,-54.74096
685.19995,-56.69599,685.19995,-75.85532,685.19995,-58.064514
685.8,-59.237534,685.8,-72.53177,685.8,-60.019554
686.4,-63.34311,686.4,-64.51613,686.4,-63.147606
687.0,-64.320625,687.0,-60.41056,687.0,-64.51613
687.60004,-64.71163,687.60004,-57.478004,687.60004,-65.29814
688.19995,-64.907135,688.19995,-56.304985,688.19995,-65.689156
688.8,-66.275665,688.8,-56.304985,688.8,-66.08016
689.4,-68.2307,689.4,-55.522972,689.4,-64.12512
690.0,-67.448685,690.0,-53.763443,690.0,-63.92962
690.60004,-66.862175,690.60004,-52.981422,690.60004,-64.51613
691.19995,-66.275665,691.19995,-52.78592,691.19995,-65.29814
691.8,-67.25318,691.8,-52.394913,691.8,-66.275665
692.4,-65.689156,692.4,-51.02639,692.4,-66.47117
693.0,-63.92962,693.0,-50.244377,693.0,-66.66667
693.60004,-63.734116,693.60004,-50.635384,693.60004,-67.448685
694.19995,-66.66667,694.19995,-51.6129,694.19995,-68.81721
694.8,-67.05768,694.8,-48.484848,694.8,-68.621704
695.4,-64.907135,695.4,-46.529816,695.4,-69.20821
696.0,-63.538612,696.0,-45.747803,696.0,-70.96774
696.60004,-67.64419,696.60004,-45.747803,696.60004,-73.70479
697.19995,-71.55425,697.19995,-43.597263,697.19995,-73.11828
697.8,-70.96774,697.8,-39.687195,697.8,-71.163246
698.4,-69.40372,698.4,-35.581623,698.4,-69.59922
699.0,-67.448685,699.0,-33.822094,699.0,-70.96774
699.6,-63.92962,699.6,-34.2131,699.6,-76.83284
700.2,-65.10264,700.2,-35.581623,700.2,-77.02834
700.8,-67.25318,700.8,-36.363636,700.8,-75.85532
701.4,-69.01271,701.4,-36.168133,701.4,-74.2913
702.0,-70.38123,702.0,-36.168133,702.0,-73.509285
702.6,-70.77224,702.6,-36.950146,702.6,-73.31378
703.2,-69.40372,703.2,-37.73216,703.2,-72.922775
703.8,-70.96774,703.8,-37.73216,703.8,-71.94526
704.4,-70.57674,704.4,-40.0782,704.4,-70.18573
705.0,-71.35875,705.0,-41.055717,705.0,-71.35875
705.6,-69.79472,705.6,-43.206257,705.6,-71.94526
706.2,-68.81721,706.2,-44.965786,706.2,-71.749756
706.8,-68.81721,706.8,-46.72532,706.8,-71.94526
707.4,-68.035194,707.4,-51.6129,707.4,-71.94526
707.99994,-67.83969,707.99994,-54.15445,707.99994,-71.94526
708.6,-68.035194,708.6,-56.50049,708.6,-72.53177
709.2,-67.64419,709.2,-57.478004,709.2,-72.336266
709.8,-68.4262,709.8,-55.718475,709.8,-71.35875
710.4,-68.81721,710.4,-54.545456,710.4,-70.57674
710.99994,-69.01271,710.99994,-54.74096,710.99994,-70.57674
711.6,-69.20821,711.6,-55.32747,711.6,-69.99023
712.2,-69.99023,712.2,-57.086998,712.2,-69.79472
712.8,-70.57674,712.8,-60.215057,712.8,-69.20821
713.4,-69.40372,713.4,-61.192574,713.4,-69.20821
714.00006,-69.59922,714.00006,-61.388077,714.00006,-69.79472
714.6,-69.79472,714.6,-60.41056,714.6,-70.18573
715.2,-68.621704,715.2,-60.99707,715.2,-71.55425
715.8,-67.64419,715.8,-62.7566,715.8,-71.94526
716.4,-66.08016,716.4,-64.51613,716.4,-72.72727
717.00006,-65.29814,717.00006,-64.907135,717.00006,-73.509285
717.6,-60.41056,717.6,-63.92962,717.6,-74.095795
718.2,-56.50049,718.2,-63.92962,718.2,-76.24633
718.8,-52.003906,718.8,-62.7566,718.8,-78.39687
719.4,-43.206257,719.4,-59.433044,719.4,-80.74291
720.0,-2.737048,720.0,-44.379276,720.0,-105.37634
720.6,-0.9775171,720.6,-47.702835,720.6,-128.25024
721.2,-0.78201365,721.2,-35.190617,721.2,-130.00977
721.8,-0.78201365,721.8,-13.294233,721.8,-118.47507
722.4,-0.9775171,722.4,-1.7595308,722.4,-108.3089
723.0,-0.9775171,723.0,-1.1730205,723.0,-88.367546
723.6,-1.1730205,723.6,-0.78201365,723.6,-74.2913
724.2,-2.346041,724.2,-0.9775171,724.2,-59.628548
724.8,-7.2336264,724.8,-0.9775171,724.8,-56.891495
725.4,-9.775171,725.4,-0.58651024,725.4,-47.702835
726.0,-24.437927,726.0,-0.9775171,726.0,-34.604107
726.6,-28.934505,726.6,-6.4516125,726.6,-33.431087
727.2,-33.822094,727.2,-20.332355,727.2,-33.822094
727.80005,-39.49169,727.80005,-30.498535,727.80005,-33.235584
728.39996,-50.43988,728.39996,-46.13881,728.39996,-32.844578
729.0,-51.221893,729.0,-54.349953,729.0,-32.453568
729.6,-54.936462,729.6,-57.086998,729.6,-32.258064
730.2,-57.673508,730.2,-63.34311,730.2,-34.79961
730.80005,-59.433044,730.80005,-66.66667,730.80005,-35.190617
731.39996,-65.88466,731.39996,-72.336266,731.39996,-35.38612
732.0,-67.83969,732.0,-75.85532,732.0,-38.51417
732.6,-64.51613,732.6,-73.11828,732.6,-46.920822
733.2,-65.29814,733.2,-71.749756,733.2,-49.85337
733.80005,-65.689156,733.80005,-70.77224,733.80005,-51.6129
734.39996,-66.08016,734.39996,-68.81721,734.39996,-53.56794
735.0,-66.66667,735.0,-65.88466,735.0,-55.32747
735.6,-68.81721,735.6,-61.58358,735.6,-58.45552
736.2,-68.81721,736.2,-60.019554,736.2,-59.628548
736.80005,-67.25318,736.80005,-58.846527,736.80005,-60.99707
737.39996,-66.08016,737.39996,-57.2825,737.39996,-62.365593
738.0,-66.47117,738.0,-56.891495,738.0,-63.538612
738.6,-68.621704,738.6,-55.91398,738.6,-64.320625
739.2,-68.4262,739.2,-54.545456,739.2,-64.907135
739.80005,-66.862175,739.80005,-53.372437,739.80005,-65.29814
740.39996,-65.10264,740.39996,-52.78592,740.39996,-65.689156
741.0,-65.88466,741.0,-51.808403,741.0,-68.035194
741.6,-67.64419,741.6,-49.85337,741.6,-68.81721
742.2,-67.64419,742.2,-47.116325,742.2,-68.621704
742.80005,-63.147606,742.80005,-46.72532,742.80005,-69.20821
743.39996,-63.147606,743.39996,-46.72532,743.39996,-69.20821
744.0,-66.47117,744.0,-50.830887,744.0,-73.90029
744.60004,-69.01271,744.60004,-48.68035,744.60004,-73.70479
745.2,-68.4262,745.2,-44.965786,745.2,-72.922775
745.80005,-66.47117,745.80005,-42.033234,745.80005,-72.72727
746.39996,-61.779083,746.39996,-42.033234,746.39996,-76.05083
747.0,-62.561096,747.0,-44.183773,747.0,-78.39687
747.60004,-67.25318,747.60004,-45.356796,747.60004,-79.765396
748.2,-69.59922,748.2,-43.206257,748.2,-79.37439
748.8,-67.64419,748.8,-41.055717,748.8,-78.39687
749.39996,-65.689156,749.39996,-42.81525,749.39996,-79.37439
750.0,-65.10264,750.0,-44.770283,750.0,-78.98338
750.60004,-65.689156,750.60004,-45.356796,750.60004,-78.20137
751.2,-66.66667,751.2,-45.5523,751.2,-77.61485
751.8,-67.448685,751.8,-47.116325,751.8,-77.22385
752.39996,-67.25318,752.39996,-48.484848,752.39996,-77.22385
753.0,-67.25318,753.0,-49.85337,753.0,-77.02834
753.60004,-67.25318,753.60004,-49.85337,753.60004,-76.24633
754.19995,-70.18573,754.19995,-45.943306,754.19995,-72.53177
754.8,-69.20821,754.8,-43.597263,754.8,-71.55425
755.39996,-70.57674,755.39996,-42.033234,755.39996,-71.749756
756.0,-69.01271,756.0,-42.424244,756.0,-73.11828
756.60004,-68.035194,756.60004,-44.770283,756.60004,-74.2913
757.19995,-68.621704,757.19995,-44.770283,757.19995,-73.509285
757.8,-69.79472,757.8,-43.98827,757.8,-71.749756
758.4,-70.77224,758.4,-43.40176,758.4,-69.99023
759.0,-70.77224,759.0,-45.356796,759.0,-69.20821
759.60004,-70.18573,759.60004,-46.920822,759.60004,-69.40372
760.19995,-70.38123,760.19995,-48.09384,760.19995,-69.01271
760.8,-70.57674,760.8,-49.85337,760.8,-68.621704
761.4,-71.163246,761.4,-51.417397,761.4,-68.035194
762.0,-71.55425,762.0,-56.304985,762.0,-67.448685
762.60004,-71.55425,762.60004,-58.45552,762.60004,-67.448685
763.19995,-71.163246,763.19995,-59.628548,763.19995,-67.25318
763.8,-71.35875,763.8,-59.628548,763.8,-67.448685
764.4,-70.96774,764.4,-60.215057,764.4,-67.448685
765.0,-70.77224,765.0,-61.388077,765.0,-67.05768
765.60004,-70.18573,765.60004,-62.561096,765.60004,-67.25318
766.19995,-69.01271,766.19995,-63.147606,766.19995,-67.64419
766.8,-67.25318,766.8,-60.215057,766.8,-68.621704
767.4,-64.907135,767.4,-59.433044,767.4,-69.59922
768.0,-61.192574,768.0,-60.215057,768.0,-70.96774
768.60004,-57.673508,768.60004,-62.17009,768.60004,-72.922775
769.19995,-53.763443,769.19995,-64.907135,769.19995,-76.05083
769.8,-44.379276,769.8,-60.99707,769.8,-85.04399
770.4,-42.033234,770.4,-57.2825,770.4,-90.32258
771.0,-38.31867,771.0,-56.69599,771.0,-95.60117
771.60004,-35.38612,771.60004,-58.260017,771.60004,-100.87976
772.19995,-22.482893,772.19995,-55.32747,772.19995,-104.00781
772.8,-13.880743,772.8,-51.02639,772.8,-104.59433
773.4,-6.6471167,773.4,-47.702835,773.4,-107.33138
774.0,-0.9775171,774.0,-30.107529,774.0,-108.89541
774.6,-0.78201365,774.6,-1.9550343,774.6,-105.37634
775.2,-0.9775171,775.2,-1.368524,775.2,-99.12024
775.8,-1.368524,775.8,-0.9775171,775.8,-77.22385
776.4,-1.1730205,776.4,-0.9775171,776.4,-70.96774
777.0,-1.1730205,777.0,-0.9775171,777.0,-65.689156
777.6,-0.9775171,777.6,-0.78201365,777.6,-55.718475
778.2,-0.78201365,778.2,-0.78201365,778.2,-38.905178
778.8,-12.316715,778.8,-6.060606,778.8,-29.912025
779.4,-23.851418,779.4,-17.399805,779.4,-28.934505
780.0,-28.152493,780.0,-26.588467,780.0,-29.521015
780.6,-43.010754,780.6,-40.66471,780.6,-6.4516125
781.2,-49.071358,781.2,-28.152493,781.2,-22.482893
781.8,-41.642227,781.8,-35.190617,781.8,-30.694038
782.4,-45.356796,782.4,-47.116325,782.4,-36.168133
782.99994,-57.673508,782.99994,-69.20821,782.99994,-38.123165
783.6,-58.846527,783.6,-71.35875,783.6,-38.905178
784.2,-54.74096,784.2,-69.40372,784.2,-41.25122
784.8,-50.635384,784.8,-66.47117,784.8,-45.5523
785.4,-49.26686,785.4,-67.05768,785.4,-48.875854
785.99994,-53.763443,785.99994,-71.35875,785.99994,-52.78592
786.6,-57.673508,786.6,-70.57674,786.6,-53.56794
787.2,-61.192574,787.2,-68.621704,787.2,-53.372437
787.8,-63.147606,787.8,-60.215057,787.8,-56.69599
788.4,-63.147606,788.4,-60.215057,788.4,-56.69599
789.00006,-60.606064,789.00006,-51.808403,789.00006,-65.10264
789.6,-57.2825,789.6,-48.875854,789.6,-66.47117
790.2,-59.433044,790.2,-46.920822,790.2,-67.83969
790.8,-62.7566,790.8,-46.334312,790.8,-69.79472
791.4,-63.538612,791.4,-46.72532,791.4,-70.38123
792.00006,-63.734116,792.00006,-44.965786,792.00006,-71.163246
792.6,-63.34311,792.6,-42.033234,792.6,-72.14076
793.2,-64.12512,793.2,-41.642227,793.2,-74.095795
793.8,-67.83969,793.8,-42.22874,793.8,-78.39687
794.4,-68.4262,794.4,-42.81525,794.4,-79.37439
795.0,-67.05768,795.0,-44.379276,795.0,-80.351906
795.6,-66.08016,795.6,-49.071358,795.6,-81.32942
796.2,-68.621704,796.2,-50.244377,796.2,-81.524925
796.8,-72.14076,796.8,-49.26686,796.8,-82.111435
797.4,-74.2913,797.4,-47.116325,797.4,-81.524925
798.0,-72.14076,798.0,-46.529816,798.0,-81.13392
798.6,-66.862175,798.6,-48.875854,798.6,-81.13392
799.2,-66.275665,799.2,-48.875854,799.2,-80.351906
799.8,-66.862175,799.8,-49.071358,799.8,-79.56989
800.4,-69.01271,800.4,-49.657867,800.4,-79.17889
801.0,-70.18573,801.0,-52.394913,801.0,-79.56989
801.6,-69.59922,801.6,-53.372437,801.6,-80.1564
802.2,-68.81721,802.2,-54.15445,802.2,-80.74291
802.80005,-68.2307,802.80005,-54.545456,802.80005,-80.74291
803.39996,-68.2307,803.39996,-53.958946,803.39996,-79.9609
804.0,-68.81721,804.0,-54.15445,804.0,-79.56989
804.6,-69.20821,804.6,-54.74096,804.6,-78.98338
805.2,-69.40372,805.2,-55.522972,805.2,-78.59238
805.80005,-69.40372,805.80005,-56.304985,805.80005,-78.59238
806.39996,-69.01271,806.39996,-57.673508,806.39996,-79.17889
807.0,-68.2307,807.0,-57.673508,807.0,-79.56989
807.6,-68.4262,807.6,-57.478004,807.6,-79.37439
808.2,-69.40372,808.2,-56.891495,808.2,-78.20137
808.80005,-70.77224,808.80005,-55.718475,808.80005,-76.05083
809.39996,-71.163246,809.39996,-55.32747,809.39996,-75.07331
810.0,-70.96774,810.0,-54.545456,810.0,-74.4868
810.6,-70.77224,810.6,-54.349953,810.6,-74.2913
811.2,-70.57674,811.2,-53.763443,811.2,-73.70479
811.80005,-71.163246,811.80005,-52.19941,811.80005,-72.14076
812.39996,-71.94526,812.39996,-51.808403,812.39996,-70.96774
813.0,-71.749756,813.0,-51.417397,813.0,-70.57674
813.6,-71.163246,813.6,-51.6129,813.6,-70.38123
814.2,-71.163246,814.2,-52.394913,814.2,-69.99023
814.80005,-71.163246,814.80005,-52.19941,814.80005,-69.79472
815.39996,-71.749756,815.39996,-52.394913,815.39996,-69.79472
816.0,-70.96774,816.0,-52.19941,816.0,-69.40372
816.6,-70.18573,816.6,-51.417397,816.6,-69.59922
817.2,-69.79472,817.2,-50.830887,817.2,-69.99023
817.80005,-69.40372,817.80005,-50.048874,817.80005,-70.18573
818.39996,-69.01271,818.39996,-50.048874,818.39996,-70.18573
819.0,-69.01271,819.0,-50.43988,819.0,-69.79472
819.60004,-69.40372,819.60004,-51.02639,819.60004,-69.59922
820.2,-70.77224,820.2,-49.85337,820.2,-68.2307
820.80005,-70.77224,820.80005,-49.85337,820.80005,-67.448685
821.39996,-69.99023,821.39996,-49.462364,821.39996,-66.66667
822.0,-69.99023,822.0,-49.462364,822.0,-66.66667
822.60004,-70.18573,822.60004,-53.763443,822.60004,-67.64419
823.2,-70.96774,823.2,-53.763443,823.2,-67.25318
823.8,-70.96774,823.8,-53.56794,823.8,-65.88466
824.39996,-71.94526,824.39996,-53.763443,824.39996,-65.29814
825.0,-72.53177,825.0,-55.131966,825.0,-64.12512
825.60004,-72.14076,825.60004,-54.74096,825.60004,-63.538612
826.2,-72.14076,826.2,-55.32747,826.2,-63.34311
826.8,-73.11828,826.8,-55.32747,826.8,-63.538612
827.39996,-72.53177,827.39996,-55.131966,827.39996,-64.12512
828.0,-72.336266,828.0,-55.91398,828.0,-65.10264
828.60004,-72.922775,828.60004,-56.10948,828.60004,-65.10264
829.19995,-72.922775,829.19995,-57.086998,829.19995,-64.907135
829.8,-71.94526,829.8,-60.215057,829.8,-63.734116
830.39996,-74.095795,830.39996,-60.801567,830.39996,-61.58358
831.0,-75.65982,831.0,-59.82405,831.0,-60.99707
831.60004,-75.268814,831.60004,-59.04203,831.60004,-61.192574
832.19995,-76.44183,832.19995,-53.372437,832.19995,-62.17009
832.8,-79.765396,832.8,-55.32747,832.8,-59.628548
833.4,-75.46432,833.4,-57.2825,833.4,-61.58358
834.0,-74.095795,834.0,-57.086998,834.0,-62.7566
834.60004,-74.4868,834.60004,-54.74096,834.60004,-63.538612
835.19995,-74.87781,835.19995,-54.349953,835.19995,-63.734116
835.8,-74.87781,835.8,-55.91398,835.8,-63.538612
836.4,-75.46432,836.4,-56.891495,836.4,-65.493645
837.0,-77.41935,837.0,-55.131966,837.0,-64.71163
837.60004,-74.4868,837.60004,-54.349953,837.60004,-64.907135
838.19995,-74.2913,838.19995,-54.15445,838.19995,-64.320625
838.8,-74.095795,838.8,-54.349953,838.8,-63.92962
839.4,-72.922775,839.4,-54.936462,839.4,-64.51613
840.0,-74.095795,840.0,-56.10948,840.0,-63.538612
840.60004,-73.90029,840.60004,-54.15445,840.60004,-61.58358
841.19995,-73.509285,841.19995,-53.958946,841.19995,-61.779083
841.8,-73.31378,841.8,-54.15445,841.8,-61.779083
842.4,-72.53177,842.4,-55.131966,842.4,-62.365593
843.0,-71.94526,843.0,-56.10948,843.0,-61.388077
843.60004,-71.749756,843.60004,-56.891495,843.60004,-60.41056
844.19995,-72.14076,844.19995,-57.2825,844.19995,-59.628548
844.8,-72.922775,844.8,-58.651024,844.8,-59.433044
845.4,-72.72727,845.4,-59.237534,845.4,-59.433044
846.0,-72.922775,846.0,-59.628548,846.0,-59.04203
846.60004,-72.922775,846.60004,-59.237534,846.60004,-58.45552
847.19995,-72.53177,847.19995,-58.846527,847.19995,-57.478004
847.8,-72.922775,847.8,-58.064514,847.8,-57.2825
848.4,-72.336266,848.4,-58.260017,848.4,-57.086998
849.0,-71.94526,849.0,-58.064514,849.0,-56.50049
849.6,-71.55425,849.6,-58.064514,849.6,-56.304985
850.2,-71.749756,850.2,-59.433044,850.2,-57.086998
850.8,-71.55425,850.8,-60.41056,850.8,-57.673508
851.4,-71.749756,851.4,-60.99707,851.4,-58.260017
852.0,-72.336266,852.0,-60.99707,852.0,-57.86901
852.6,-71.94526,852.6,-61.192574,852.6,-57.673508
853.2,-72.53177,853.2,-60.99707,853.2,-57.2825
853.8,-72.336266,853.8,-60.99707,853.8,-56.891495
854.4,-72.72727,854.4,-60.801567,854.4,-56.69599
855.0,-72.53177,855.0,-60.801567,855.0,-56.10948
855.6,-72.53177,855.6,-60.215057,855.6,-55.718475
856.2,-72.336266,856.2,-59.433044,856.2,-55.32747
856.8,-72.14076,856.8,-58.846527,856.8,-55.32747
857.4,-71.94526,857.4,-58.651024,857.4,-55.522972
857.99994,-71.94526,857.99994,-59.04203,857.99994,-55.718475
858.6,-71.749756,858.6,-59.433044,858.6,-56.10948
859.2,-71.55425,859.2,-59.628548,859.2,-56.304985
859.8,-71.35875,859.8,-60.019554,859.8,-56.69599
860.4,-71.35875,860.4,-60.215057,860.4,-56.69599
860.99994,-71.35875,860.99994,-60.41056,860.99994,-56.69599
861.6,-71.35875,861.6,-60.215057,861.6,-56.50049
862.2,-71.55425,862.2,-60.215057,862.2,-56.50049
862.8,-71.749756,862.8,-60.019554,862.8,-56.50049
863.4,-72.14076,863.4,-60.019554,863.4,-57.2825
864.00006,-72.14076,864.00006,-60.215057,864.00006,-57.478004
864.6,-72.336266,864.6,-60.41056,864.6,-57.673508
865.2,-72.53177,865.2,-60.215057,865.2,-57.86901
865.8,-72.53177,865.8,-60.215057,865.8,-57.86901
866.4,-73.11828,866.4,-59.628548,866.4,-57.478004
867.00006,-72.922775,867.00006,-59.433044,867.00006,-57.478004
867.6,-73.11828,867.6,-59.433044,867.6,-57.478004
868.2,-73.11828,868.2,-59.237534,868.2,-57.086998
868.8,-73.11828,868.8,-59.237534,868.8,-57.2825
869.4,-73.31378,869.4,-59.433044,869.4,-57.478004
870.0,-73.11828,870.0,-59.237534,870.0,-57.478004
870.6,-73.11828,870.6,-59.237534,870.6,-57.673508
